{
    "white": {
        "x": [
            142.0,
            154.0,
            190.29999999999995,
            183.0,
            236.70000000000005,
            248.60000000000002,
            272.4,
            180.60000000000002,
            209.5,
            232.0,
            261.70000000000005
        ],
        "y": [
            220.0,
            177.0,
            186.2,
            165.0,
            181.0,
            260.5,
            263.0,
            266.7,
            272.9,
            289.0,
            284.0
        ]
    },
    "black": {
        "x": [
            128.20000000000005,
            162.0,
            120.60000000000002,
            172.0,
            245.5,
            233.60000000000002,
            313.0,
            180.0,
            186.10000000000002,
            248.10000000000002,
            251.0
        ],
        "y": [
            245.0,
            188.0,
            219.0,
            209.89999999999998,
            198.89999999999998,
            273.7,
            276.1,
            257.4,
            284.2,
            289.0,
            288.4
        ]
    }
}