{
    "black": {
        "x": [
            135.0,
            162.0,
            162.0,
            192.0,
            235.0,
            251.0,
            319.3,
            207.5,
            177.0,
            266.0,
            293.1
        ],
        "y": [
            234.0,
            193.0,
            229.2,
            190.9,
            179.0,
            213.10000000000002,
            200.0,
            263.0,
            243.0,
            269.0,
            254.0
        ]
    },
    "white": {
        "x": [
            256.0,
            230.70000000000005,
            238.0,
            232.79999999999995,
            140.0,
            187.0,
            118.0,
            216.0,
            241.79999999999995,
            225.0,
            216.0
        ],
        "y": [
            145.0,
            166.0,
            173.0,
            191.39999999999998,
            224.0,
            271.0,
            307.0,
            300.0,
            251.8,
            288.0,
            314.0
        ]
    }
}