{
    "black": {
        "x": [
            246.10000000000002,
            192.5,
            239.79999999999995,
            212.60000000000002,
            167.0,
            226.79999999999995,
            177.0,
            226.60000000000002,
            241.89999999999998,
            208.60000000000002,
            229.70000000000005
        ],
        "y": [
            210.0,
            184.5,
            172.5,
            180.0,
            272.0,
            270.8,
            304.0,
            244.0,
            233.0,
            304.9,
            304.9
        ]
    },
    "white": {
        "x": [
            318.1,
            273.29999999999995,
            246.29999999999995,
            252.0,
            154.20000000000005,
            140.0,
            98.0,
            284.70000000000005,
            245.20000000000005,
            145.39999999999998,
            168.70000000000005
        ],
        "y": [
            246.8,
            207.0,
            187.0,
            209.3,
            242.0,
            216.0,
            239.7,
            278.0,
            262.6,
            279.2,
            274.0
        ]
    }
}