{
    "black": {
        "x": [
            324.0,
            289.0,
            250.0,
            262.0,
            296.79999999999995,
            215.0,
            259.0
        ],
        "y": [
            106.0,
            149.0,
            116.0,
            145.0,
            240.0,
            251.0,
            309.0
        ]
    },
    "white": {
        "x": [
            204.0,
            239.0,
            282.0,
            270.0,
            251.0,
            334.0,
            293.1
        ],
        "y": [
            287.0,
            237.39999999999998,
            272.0,
            244.39999999999998,
            167.5,
            198.89999999999998,
            129.0
        ]
    }
}