{
    "white": {
        "x": [
            190.0,
            232.0,
            156.0,
            200.0,
            261.0,
            159.0,
            221.0,
            228.0,
            175.0,
            242.0,
            173.0
        ],
        "y": [
            146.0,
            149.0,
            165.0,
            168.0,
            260.0,
            261.0,
            325.0,
            212.0,
            219.0,
            315.0,
            323.0
        ]
    },
    "black": {
        "x": [
            330.0,
            276.0,
            266.4,
            262.0,
            152.0,
            160.89999999999998,
            93.0,
            277.0,
            269.0,
            168.70000000000005,
            163.0
        ],
        "y": [
            190.0,
            203.0,
            171.0,
            197.0,
            250.0,
            209.0,
            247.0,
            299.0,
            276.0,
            305.0,
            278.0
        ]
    }
}