{
    "black": {
        "x": [
            323.0,
            267.6,
            333.0,
            293.0,
            232.0,
            298.0,
            205.0
        ],
        "y": [
            308.0,
            256.0,
            233.0,
            235.5,
            200.0,
            131.0,
            108.0
        ]
    },
    "white": {
        "x": [
            357.0,
            349.0,
            310.0,
            320.0,
            262.0,
            225.29999999999995,
            181.0
        ],
        "y": [
            153.0,
            214.10000000000002,
            169.89999999999998,
            199.0,
            263.8,
            196.89999999999998,
            239.0
        ]
    }
}