{
    "black": {
        "x": [
            84.0,
            124.0,
            139.20000000000005,
            169.0,
            267.1,
            277.79999999999995,
            335.4,
            180.10000000000002,
            186.0,
            282.1,
            279.0
        ],
        "y": [
            239.60000000000002,
            184.0,
            200.8,
            198.7,
            185.0,
            230.0,
            234.2,
            280.9,
            255.0,
            279.0,
            259.8
        ]
    },
    "white": {
        "x": [
            313.79999999999995,
            261.0,
            255.0,
            246.0,
            155.0,
            158.39999999999998,
            93.10000000000002,
            238.0,
            285.79999999999995,
            152.10000000000002,
            174.70000000000005
        ],
        "y": [
            172.5,
            180.2,
            162.5,
            187.7,
            245.2,
            231.60000000000002,
            263.2,
            291.4,
            272.5,
            294.7,
            276.9
        ]
    }
}