{
    "black": {
        "x": [
            306.0,
            261.0,
            318.9,
            285.0,
            223.0,
            301.0,
            221.0
        ],
        "y": [
            296.0,
            240.9,
            232.0,
            215.0,
            184.0,
            147.0,
            120.0
        ]
    },
    "white": {
        "x": [
            316.0,
            263.0,
            313.0,
            279.0,
            223.0,
            280.79999999999995,
            222.70000000000005
        ],
        "y": [
            291.0,
            247.0,
            221.0,
            220.0,
            196.0,
            162.0,
            124.0
        ]
    }
}