{
    "black": {
        "x": [
            85.60000000000002,
            143.10000000000002,
            139.0,
            158.20000000000005,
            275.0,
            290.79999999999995,
            326.6,
            177.29999999999995,
            157.20000000000005,
            244.89999999999998,
            297.29999999999995
        ],
        "y": [
            231.3,
            191.9,
            223.2,
            210.10000000000002,
            196.0,
            234.3,
            242.3,
            264.8,
            266.5,
            270.1,
            278.6
        ]
    },
    "white": {
        "x": [
            123.5,
            147.7,
            177.3,
            186.8,
            251.5,
            284.6,
            297.9,
            191.10000000000002,
            183.0,
            256.6,
            277.2
        ],
        "y": [
            265.1,
            189.8,
            205.1,
            201.9,
            205.1,
            213.5,
            276.5,
            258.8,
            254.3,
            248.3,
            276.5
        ]
    }
}