{
    "black": {
        "x": [
            204.39999999999998,
            185.39999999999998,
            233.10000000000002,
            208.5,
            228.0,
            212.0,
            230.5,
            254.10000000000002,
            171.0,
            258.0,
            178.7
        ],
        "y": [
            162.1,
            169.9,
            171.5,
            196.39999999999998,
            256.0,
            256.0,
            292.6,
            199.2,
            205.10000000000002,
            279.9,
            275.5
        ]
    },
    "white": {
        "x": [
            333.20000000000005,
            274.20000000000005,
            231.0,
            275.4,
            171.5,
            139.20000000000005,
            87.0,
            295.0,
            266.9,
            159.5,
            108.79999999999995
        ],
        "y": [
            165.0,
            171.10000000000002,
            154.3,
            201.0,
            254.39999999999998,
            215.7,
            268.7,
            287.0,
            238.39999999999998,
            301.7,
            269.0
        ]
    }
}