{
    "white": {
        "x": [
            232.0,
            183.0,
            256.0,
            216.39999999999998,
            167.0,
            220.0,
            170.0,
            202.0,
            248.60000000000002,
            161.0,
            203.0
        ],
        "y": [
            250.8,
            201.39999999999998,
            188.0,
            202.0,
            194.0,
            184.0,
            178.0,
            290.1,
            291.1,
            260.0,
            248.0
        ]
    },
    "black": {
        "x": [
            322.9,
            280.0,
            268.5,
            268.0,
            152.0,
            131.0,
            89.0,
            274.0,
            252.29999999999995,
            161.0,
            155.0
        ],
        "y": [
            228.5,
            188.0,
            185.0,
            216.39999999999998,
            234.5,
            207.3,
            249.0,
            273.0,
            265.8,
            285.0,
            275.8
        ]
    }
}