{
    "white": {
        "x": [
            202.5,
            156.0,
            231.0,
            202.0,
            189.0,
            253.0999999999999,
            224.89999999999998,
            180.29999999999995,
            239.0,
            191.0,
            243.0
        ],
        "y": [
            87.0,
            127.0,
            122.0,
            155.5,
            307.0,
            311.1,
            332.0,
            197.0,
            199.0,
            383.0,
            392.0
        ]
    },
    "black": {
        "x": [
            131.0,
            159.0,
            191.0,
            189.0,
            226.0,
            258.0,
            282.0,
            158.0,
            195.3,
            215.5,
            241.0
        ],
        "y": [
            238.0,
            175.0,
            199.0,
            176.2,
            239.7,
            260.3,
            258.0,
            283.0,
            292.6,
            287.6,
            299.0
        ]
    }
}