{
    "black": {
        "x": [
            226.79999999999995,
            162.10000000000002,
            271.79999999999995,
            225.20000000000005,
            157.0,
            254.79999999999995,
            216.29999999999995,
            188.29999999999995,
            232.89999999999998,
            181.20000000000005,
            240.70000000000005
        ],
        "y": [
            112.1,
            144.0,
            152.0,
            161.6,
            277.0,
            293.0,
            346.0,
            231.10000000000002,
            237.2,
            345.0,
            352.0
        ]
    },
    "white": {
        "x": [
            332.0,
            298.5,
            278.29999999999995,
            270.5,
            167.20000000000005,
            154.29999999999995,
            100.39999999999998,
            279.5,
            266.20000000000005,
            160.79999999999995,
            106.0
        ],
        "y": [
            219.8,
            210.89999999999998,
            185.5,
            203.1,
            218.5,
            222.3,
            208.10000000000002,
            260.2,
            259.1,
            284.5,
            264.5
        ]
    }
}