{
    "black": {
        "x": [
            165.0,
            160.6,
            199.9,
            199.9,
            224.2,
            243.3,
            257.0,
            224.7,
            195.9,
            232.0,
            256.0
        ],
        "y": [
            225.0,
            191.0,
            210.0,
            194.10000000000002,
            204.0,
            231.39999999999998,
            228.0,
            233.89999999999998,
            232.0,
            248.60000000000002,
            254.89999999999998
        ]
    },
    "white": {
        "x": [
            319.0,
            278.0,
            276.0,
            260.5,
            156.0,
            140.9,
            97.0,
            276.7,
            253.8,
            167.7,
            164.6
        ],
        "y": [
            263.0,
            205.8,
            172.0,
            198.0,
            238.10000000000002,
            209.2,
            267.2,
            269.9,
            249.89999999999998,
            291.4,
            273.6
        ]
    }
}