{
    "black": {
        "x": [
            194.8,
            221.0,
            234.2,
            261.0,
            291.0,
            311.0,
            345.5
        ],
        "y": [
            250.39999999999998,
            213.8,
            256.0,
            226.0,
            178.0,
            240.0,
            160.0
        ]
    },
    "white": {
        "x": [
            229.0,
            241.0,
            290.0,
            278.0,
            259.0,
            310.0,
            294.0
        ],
        "y": [
            288.0,
            230.0,
            248.0,
            229.0,
            171.0,
            186.3,
            128.10000000000002
        ]
    }
}