{
    "black": {
        "x": [
            205.10000000000002,
            238.0,
            243.0,
            262.0,
            270.1,
            333.79999999999995,
            311.0
        ],
        "y": [
            252.3,
            235.0,
            287.0,
            254.60000000000002,
            201.0,
            179.0,
            129.4
        ]
    },
    "white": {
        "x": [
            369.0,
            323.0,
            323.0,
            308.0,
            236.0,
            225.0,
            170.0
        ],
        "y": [
            223.0,
            232.0,
            184.0,
            206.0,
            239.0,
            176.0,
            198.1
        ]
    }
}