{
    "white": {
        "x": [
            115.89999999999998,
            194.0,
            159.20000000000005,
            192.5,
            271.0,
            237.5,
            269.0,
            194.20000000000005,
            149.0,
            276.0,
            251.89999999999998
        ],
        "y": [
            196.8,
            164.8,
            180.9,
            208.0,
            226.0,
            222.3,
            285.7,
            246.0,
            270.0,
            298.9,
            290.8
        ]
    },
    "black": {
        "x": [
            342.79999999999995,
            287.4,
            279.6,
            260.79999999999995,
            183.0,
            164.20000000000005,
            86.0,
            254.10000000000002,
            235.0,
            163.39999999999998,
            158.0
        ],
        "y": [
            230.0,
            204.0,
            196.3,
            224.3,
            208.0,
            190.8,
            237.5,
            282.0,
            258.0,
            284.0,
            269.7
        ]
    }
}