{
    "black": {
        "x": [
            264.79999999999995,
            250.0,
            300.5,
            282.1,
            230.0,
            308.0,
            237.0
        ],
        "y": [
            310.0,
            253.0,
            264.0,
            239.0,
            161.0,
            119.0,
            105.0
        ]
    },
    "white": {
        "x": [
            346.0,
            302.0,
            306.70000000000005,
            297.5,
            235.0,
            216.0,
            192.0
        ],
        "y": [
            237.9,
            225.0,
            178.0,
            205.0,
            234.0,
            190.0,
            233.0
        ]
    }
}