{
    "black": {
        "x": [
            212.0,
            217.39999999999998,
            262.0,
            246.0,
            250.0,
            327.0,
            326.6
        ],
        "y": [
            316.0,
            274.0,
            297.0,
            265.0,
            166.0,
            203.0,
            99.0
        ]
    },
    "white": {
        "x": [
            328.0,
            306.0,
            265.0,
            274.0,
            298.0,
            211.39999999999998,
            300.0
        ],
        "y": [
            119.0,
            164.0,
            138.0,
            167.0,
            229.0,
            240.0,
            297.0
        ]
    }
}