{
    "black": {
        "x": [
            242.9,
            259.0,
            222.0,
            225.0,
            214.0,
            172.0,
            166.0,
            237.0,
            240.7,
            212.0,
            228.5
        ],
        "y": [
            175.8,
            174.7,
            170.0,
            191.0,
            232.0,
            243.0,
            267.0,
            230.0,
            200.5,
            291.3,
            290.0
        ]
    },
    "white": {
        "x": [
            294.0999999999999,
            227.79999999999995,
            254.0,
            219.0,
            174.0,
            154.0,
            123.0,
            226.70000000000005,
            259.0,
            143.10000000000002,
            183.39999999999998
        ],
        "y": [
            183.0,
            158.0,
            120.0,
            145.7,
            258.0,
            241.0,
            291.2,
            217.0,
            204.0,
            359.0,
            332.7
        ]
    }
}