{
    "white": {
        "x": [
            330.0,
            277.0,
            252.39999999999998,
            265.5,
            176.0,
            161.60000000000002,
            91.89999999999998,
            303.0,
            279.6,
            157.0,
            123.0
        ],
        "y": [
            194.0,
            188.0,
            178.0,
            196.89999999999998,
            237.0,
            224.8,
            270.0,
            274.0,
            270.0,
            303.0,
            291.0
        ]
    },
    "black": {
        "x": [
            91.7,
            130.0,
            166.2,
            164.2,
            238.0,
            277.0,
            324.0,
            131.0,
            186.4,
            239.0,
            272.0
        ],
        "y": [
            227.0,
            172.0,
            193.0,
            187.0,
            212.0,
            226.8,
            247.0,
            300.0,
            304.0,
            284.2,
            307.0
        ]
    }
}