{
    "black": {
        "x": [
            366.0,
            330.5,
            297.79999999999995,
            303.9,
            245.29999999999995,
            210.5,
            173.20000000000005
        ],
        "y": [
            154.0,
            198.7,
            157.7,
            183.5,
            262.5,
            210.39999999999998,
            261.8
        ]
    },
    "white": {
        "x": [
            194.7,
            204.5,
            234.5,
            231.7,
            274.5,
            314.0,
            345.5
        ],
        "y": [
            260.9,
            214.5,
            258.3,
            225.39999999999998,
            156.39999999999998,
            216.5,
            166.0
        ]
    }
}