{
    "black": {
        "x": [
            227.0,
            291.0,
            228.0,
            262.0,
            312.9,
            232.60000000000002,
            274.0
        ],
        "y": [
            113.0,
            153.2,
            168.0,
            176.0,
            245.0,
            252.0,
            303.1
        ]
    },
    "white": {
        "x": [
            305.6,
            252.39999999999998,
            271.9,
            244.0,
            249.0,
            233.0,
            268.0
        ],
        "y": [
            221.0,
            226.3,
            173.0,
            202.0,
            174.0,
            243.0,
            183.0
        ]
    }
}