{
    "white": {
        "x": [
            276.0,
            291.29999999999995,
            236.79999999999995,
            256.0,
            212.0,
            169.0,
            105.0,
            225.70000000000005,
            208.5999999999999,
            189.20000000000005,
            186.0
        ],
        "y": [
            270.0,
            158.0,
            172.10000000000002,
            172.10000000000002,
            150.9,
            230.0,
            266.9,
            303.4,
            284.0,
            299.8,
            290.0
        ]
    },
    "black": {
        "x": [
            353.6,
            314.1,
            298.0,
            290.9,
            227.39999999999998,
            176.0,
            70.89999999999998,
            267.5,
            249.3,
            202.2,
            167.0
        ],
        "y": [
            241.60000000000002,
            198.0,
            204.3,
            198.0,
            178.0,
            217.0,
            228.5,
            250.7,
            264.0,
            255.7,
            270.8
        ]
    }
}