{
    "black": {
        "x": [
            222.0,
            179.8,
            244.6,
            216.0,
            158.0,
            247.6,
            193.0,
            207.0,
            235.0,
            176.0,
            239.5
        ],
        "y": [
            225.89999999999998,
            159.10000000000002,
            155.0,
            183.39999999999998,
            237.10000000000002,
            237.0,
            246.0,
            272.0,
            269.0,
            298.8,
            297.8
        ]
    },
    "white": {
        "x": [
            144.79999999999995,
            167.0,
            128.29999999999995,
            146.0,
            280.1,
            261.9,
            307.70000000000005,
            139.0,
            74.0,
            251.0,
            266.0
        ],
        "y": [
            216.10000000000002,
            165.5,
            169.0,
            196.0,
            235.39999999999998,
            274.0,
            290.0,
            254.60000000000002,
            297.0,
            269.8,
            292.0
        ]
    }
}