{
    "white": {
        "x": [
            264.0,
            229.5,
            280.2,
            217.8,
            178.0,
            169.4,
            141.0,
            240.0,
            229.0,
            190.6,
            201.0
        ],
        "y": [
            278.0,
            180.39999999999998,
            179.0,
            221.0,
            249.5,
            208.0,
            286.1,
            276.0,
            270.0,
            298.2,
            278.0
        ]
    },
    "black": {
        "x": [
            302.20000000000005,
            262.9000000000001,
            228.29999999999995,
            241.70000000000005,
            199.4000000000001,
            139.89999999999998,
            112.79999999999995,
            265.9000000000001,
            238.29999999999995,
            232.5999999999999,
            189.4000000000001
        ],
        "y": [
            207.5,
            181.0,
            153.0,
            187.0,
            277.7,
            258.8,
            302.3,
            269.0,
            245.0,
            310.0,
            287.2
        ]
    }
}