{
    "black": {
        "x": [
            119.5,
            139.60000000000002,
            134.60000000000002,
            156.8,
            228.0,
            232.0,
            304.9,
            160.0,
            140.7,
            254.0,
            278.70000000000005
        ],
        "y": [
            235.2,
            181.0,
            185.0,
            197.0,
            206.0,
            192.0,
            217.0,
            268.6,
            263.0,
            264.1,
            267.6
        ]
    },
    "white": {
        "x": [
            284.6,
            254.2,
            210.8,
            225.2,
            213.0,
            173.0,
            126.0,
            265.0,
            243.3,
            210.0,
            200.0
        ],
        "y": [
            173.0,
            163.0,
            146.0,
            175.7,
            199.10000000000002,
            225.3,
            287.3,
            239.39999999999998,
            231.0,
            285.8,
            268.7
        ]
    }
}