{
    "black": {
        "x": [
            369.0,
            346.0,
            316.70000000000005,
            325.0,
            253.0,
            218.0,
            169.0
        ],
        "y": [
            163.0,
            219.0,
            162.0,
            198.8,
            254.0,
            180.0,
            229.0
        ]
    },
    "white": {
        "x": [
            359.0,
            328.0,
            287.0,
            290.0,
            243.0,
            215.0,
            179.0
        ],
        "y": [
            139.5,
            205.0,
            163.10000000000002,
            198.0,
            276.0,
            196.0,
            268.0
        ]
    }
}