{
    "white": {
        "x": [
            161.0,
            181.5,
            212.5,
            203.0,
            207.2,
            259.5,
            198.5,
            188.0,
            225.7,
            214.2,
            254.5
        ],
        "y": [
            269.5,
            199.0,
            216.0,
            217.7,
            174.5,
            213.10000000000002,
            223.2,
            276.4,
            282.9,
            255.7,
            248.8
        ]
    },
    "black": {
        "x": [
            103.5,
            165.0,
            133.0,
            161.5,
            296.70000000000005,
            257.5,
            319.29999999999995,
            169.5,
            161.5,
            228.79999999999995,
            214.79999999999995
        ],
        "y": [
            223.89999999999998,
            169.5,
            191.0,
            201.8,
            227.89999999999998,
            273.1,
            278.0,
            267.0,
            270.0,
            284.7,
            304.2
        ]
    }
}