{
    "white": {
        "x": [
            312.4,
            272.1,
            259.0,
            242.89999999999998,
            197.60000000000002,
            167.3,
            125.0,
            233.0,
            237.89999999999998,
            172.39999999999998,
            179.39999999999998
        ],
        "y": [
            239.39999999999998,
            218.2,
            186.0,
            205.10000000000002,
            241.39999999999998,
            181.9,
            232.3,
            269.6,
            251.0,
            285.8,
            263.6
        ]
    },
    "black": {
        "x": [
            89.0,
            157.5,
            162.0,
            188.79999999999995,
            265.4000000000001,
            266.4000000000001,
            330.9000000000001,
            172.60000000000002,
            176.70000000000005,
            276.5,
            277.0
        ],
        "y": [
            262.0,
            199.60000000000002,
            191.0,
            201.60000000000002,
            200.0,
            236.0,
            267.1,
            274.2,
            271.0,
            280.0,
            283.2
        ]
    }
}