{
    "white": {
        "x": [
            297.0,
            278.9,
            232.79999999999995,
            259.0,
            186.0,
            161.0,
            134.0,
            246.70000000000005,
            216.0,
            185.0,
            146.0
        ],
        "y": [
            229.39999999999998,
            190.39999999999998,
            186.0,
            205.2,
            225.3,
            209.0,
            225.0,
            263.7,
            244.89999999999998,
            291.9,
            269.0
        ]
    },
    "black": {
        "x": [
            288.0,
            236.0,
            259.7,
            230.0,
            160.9,
            176.0,
            134.0,
            227.39999999999998,
            277.5,
            172.0,
            189.10000000000002
        ],
        "y": [
            245.89999999999998,
            197.1,
            199.0,
            195.7,
            245.0,
            231.0,
            257.3,
            252.3,
            250.0,
            290.6,
            266.9
        ]
    }
}