{
    "black": {
        "x": [
            293.0,
            271.0,
            282.6,
            262.5,
            181.0,
            153.0,
            121.39999999999998,
            222.0,
            237.5,
            198.0,
            220.0
        ],
        "y": [
            216.39999999999998,
            203.0,
            213.10000000000002,
            212.10000000000002,
            246.39999999999998,
            220.0,
            239.3,
            274.6,
            261.0,
            272.0,
            260.0
        ]
    },
    "white": {
        "x": [
            121.0,
            180.39999999999998,
            178.0,
            186.39999999999998,
            213.60000000000002,
            229.0,
            281.20000000000005,
            169.29999999999995,
            170.0,
            235.79999999999995,
            220.70000000000005
        ],
        "y": [
            232.39999999999998,
            180.0,
            209.0,
            202.2,
            241.8,
            262.0,
            257.6,
            268.7,
            279.8,
            281.8,
            282.8
        ]
    }
}