{
    "black": {
        "x": [
            357.0,
            331.0,
            312.0,
            305.0,
            232.3,
            232.6,
            181.5
        ],
        "y": [
            177.5,
            238.0,
            178.0,
            209.5,
            246.5,
            169.5,
            189.5
        ]
    },
    "white": {
        "x": [
            214.0,
            225.89999999999998,
            275.0,
            259.79999999999995,
            302.9,
            305.20000000000005,
            325.0
        ],
        "y": [
            248.9,
            174.9,
            224.0,
            196.0,
            167.5,
            222.0,
            195.5
        ]
    }
}