{
    "black": {
        "x": [
            329.5,
            265.0,
            297.0,
            267.0,
            209.9,
            266.0,
            215.0
        ],
        "y": [
            270.0,
            273.0,
            219.7,
            229.0,
            208.0,
            159.0,
            142.0
        ]
    },
    "white": {
        "x": [
            254.20000000000005,
            237.10000000000002,
            301.9,
            276.0,
            240.0,
            297.20000000000005,
            240.39999999999998
        ],
        "y": [
            296.0,
            215.0,
            226.0,
            207.0,
            149.0,
            137.89999999999998,
            119.0
        ]
    }
}