{
    "white": {
        "x": [
            286.9000000000001,
            222.0,
            259.70000000000005,
            223.5999999999999,
            138.89999999999998,
            193.60000000000002,
            139.89999999999998,
            135.0,
            222.79999999999995,
            145.29999999999995,
            188.0
        ],
        "y": [
            260.2,
            227.0,
            207.7,
            211.0,
            207.3,
            208.7,
            190.0,
            264.6,
            266.8,
            267.8,
            272.6
        ]
    },
    "black": {
        "x": [
            121.1,
            129.0,
            157.0,
            167.7,
            234.2,
            242.5,
            312.7,
            209.2,
            221.10000000000002,
            241.8,
            232.0
        ],
        "y": [
            260.6,
            224.5,
            230.89999999999998,
            221.39999999999998,
            198.8,
            243.10000000000002,
            238.0,
            267.8,
            270.8,
            253.39999999999998,
            265.0
        ]
    }
}