{
    "black": {
        "x": [
            189.0,
            238.0,
            229.0,
            249.0,
            317.0,
            313.9,
            350.0
        ],
        "y": [
            187.0,
            163.7,
            221.0,
            203.0,
            167.0,
            253.0,
            189.0
        ]
    },
    "white": {
        "x": [
            389.0,
            342.0,
            330.0,
            313.0,
            190.10000000000002,
            191.2,
            149.0
        ],
        "y": [
            191.0,
            227.0,
            169.8,
            208.89999999999998,
            247.0,
            179.0,
            213.3
        ]
    }
}