{
    "black": {
        "x": [
            95.60000000000002,
            129.8,
            144.0,
            148.10000000000002,
            196.39999999999998,
            274.0,
            346.0,
            171.3,
            180.0,
            266.9,
            277.0
        ],
        "y": [
            212.0,
            224.0,
            168.0,
            214.0,
            265.0,
            212.0,
            275.6,
            275.0,
            259.0,
            304.0,
            278.0
        ]
    },
    "white": {
        "x": [
            95.0,
            156.0,
            157.0,
            168.9,
            294.2,
            274.0,
            349.3,
            198.0,
            211.3,
            292.0,
            280.8
        ],
        "y": [
            246.0,
            218.60000000000002,
            176.0,
            202.3,
            252.7,
            178.10000000000002,
            247.60000000000002,
            272.0,
            259.0,
            276.9,
            263.0
        ]
    }
}