{
    "black": {
        "x": [
            272.0,
            219.0,
            256.0,
            215.39999999999998,
            174.0,
            173.0,
            151.20000000000005,
            244.10000000000002,
            228.0,
            221.0,
            225.79999999999995
        ],
        "y": [
            241.0,
            194.0,
            176.0,
            180.8,
            167.0,
            203.8,
            204.0,
            256.0,
            262.0,
            276.0,
            274.0
        ]
    },
    "white": {
        "x": [
            193.0,
            171.0,
            235.0,
            197.0,
            181.0,
            251.0,
            240.0,
            153.0,
            230.0,
            157.0,
            270.0
        ],
        "y": [
            173.4,
            157.3,
            163.0,
            154.0,
            265.1,
            272.0,
            264.0,
            247.89999999999998,
            245.60000000000002,
            293.0,
            302.0
        ]
    }
}