{
    "black": {
        "x": [
            160.0,
            205.0,
            205.0,
            224.0,
            289.3,
            306.3,
            379.3
        ],
        "y": [
            231.0,
            201.0,
            250.0,
            220.0,
            165.0,
            242.0,
            195.0
        ]
    },
    "white": {
        "x": [
            309.0,
            346.29999999999995,
            285.0,
            312.0,
            268.0,
            248.0,
            193.0
        ],
        "y": [
            144.0,
            204.0,
            180.10000000000002,
            204.0,
            272.0,
            201.0,
            250.0
        ]
    }
}