{
    "white": {
        "x": [
            295.0,
            216.70000000000005,
            256.20000000000005,
            237.0,
            141.20000000000005,
            164.10000000000002,
            127.0,
            197.0,
            272.0,
            153.0,
            202.0
        ],
        "y": [
            207.0,
            183.3,
            161.0,
            189.0,
            241.0,
            203.5,
            225.2,
            299.1,
            268.3,
            304.0,
            287.0
        ]
    }
}