{
    "black": {
        "x": [
            281.0,
            282.0,
            251.0,
            249.3,
            201.0,
            144.0,
            143.0,
            261.0,
            236.0,
            199.0,
            160.0
        ],
        "y": [
            227.0,
            214.0,
            185.0,
            202.0,
            269.5,
            224.0,
            270.6,
            252.0,
            240.60000000000002,
            276.0,
            276.0
        ]
    },
    "white": {
        "x": [
            298.0,
            245.0,
            239.10000000000002,
            229.0,
            155.0,
            128.0,
            124.0,
            252.0,
            223.0,
            171.39999999999998,
            160.0
        ],
        "y": [
            226.0,
            195.0,
            177.0,
            194.0,
            242.0,
            222.0,
            272.0,
            253.0,
            240.0,
            284.0,
            274.0
        ]
    }
}