{
    "black": {
        "x": [
            128.3,
            139.39999999999998,
            141.39999999999998,
            144.0,
            234.20000000000005,
            233.0,
            305.0,
            162.7,
            152.10000000000002,
            246.60000000000002,
            243.70000000000005
        ],
        "y": [
            182.0,
            187.8,
            184.5,
            201.0,
            213.39999999999998,
            242.0,
            202.3,
            251.7,
            272.0,
            280.0,
            294.8
        ]
    },
    "white": {
        "x": [
            199.0,
            240.5,
            171.0,
            202.79999999999995,
            254.29999999999995,
            179.29999999999995,
            199.0,
            236.0,
            187.0,
            238.79999999999995,
            180.0
        ],
        "y": [
            164.2,
            160.7,
            161.0,
            190.5,
            240.89999999999998,
            251.0,
            300.8,
            229.60000000000002,
            228.0,
            294.3,
            294.7
        ]
    }
}