{
    "white": {
        "x": [
            152.7,
            179.8,
            195.9,
            184.8,
            190.9,
            272.5,
            290.6,
            155.6,
            212.7,
            209.0,
            177.4
        ],
        "y": [
            177.0,
            157.0,
            157.39999999999998,
            192.0,
            250.0,
            246.10000000000002,
            319.0,
            234.0,
            296.2,
            314.0,
            289.5
        ]
    },
    "black": {
        "x": [
            117.0,
            151.5,
            176.0,
            172.8,
            225.10000000000002,
            267.4,
            281.9,
            174.8,
            182.8,
            244.29999999999995,
            259.6
        ],
        "y": [
            241.60000000000002,
            190.0,
            173.0,
            205.3,
            231.5,
            197.2,
            243.60000000000002,
            270.0,
            253.0,
            280.9,
            269.0
        ]
    }
}