{
    "black": {
        "x": [
            286.4,
            247.70000000000005,
            251.10000000000002,
            232.0,
            173.10000000000002,
            157.70000000000005,
            135.79999999999995,
            247.79999999999995,
            231.5,
            206.39999999999998,
            173.70000000000005
        ],
        "y": [
            207.60000000000002,
            210.10000000000002,
            194.10000000000002,
            194.60000000000002,
            260.1,
            218.2,
            251.8,
            252.3,
            256.3,
            264.8,
            282.4
        ]
    },
    "white": {
        "x": [
            288.20000000000005,
            311.70000000000005,
            252.0,
            275.5,
            192.70000000000005,
            126.0,
            108.10000000000002,
            317.70000000000005,
            271.9,
            214.89999999999998,
            172.60000000000002
        ],
        "y": [
            184.60000000000002,
            168.60000000000002,
            162.60000000000002,
            181.7,
            281.0,
            244.89999999999998,
            293.1,
            267.4,
            282.0,
            306.1,
            317.2
        ]
    }
}