{
    "white": {
        "x": [
            120.60000000000002,
            178.29999999999995,
            146.89999999999998,
            174.29999999999995,
            268.4,
            256.0,
            305.9000000000001,
            193.0,
            194.5,
            251.20000000000005,
            257.79999999999995
        ],
        "y": [
            221.0,
            155.8,
            162.9,
            192.0,
            207.0,
            258.0,
            304.0,
            293.0,
            302.1,
            298.0,
            323.8
        ]
    },
    "black": {
        "x": [
            321.9,
            257.0,
            286.5,
            270.29999999999995,
            149.10000000000002,
            132.0,
            96.10000000000002,
            236.89999999999998,
            260.70000000000005,
            136.60000000000002,
            138.0
        ],
        "y": [
            259.1,
            242.0,
            198.0,
            254.7,
            243.5,
            188.5,
            215.2,
            285.0,
            290.1,
            276.0,
            272.9
        ]
    }
}