{
    "black": {
        "x": [
            114.0,
            155.89999999999998,
            119.0,
            149.79999999999995,
            266.0,
            247.0,
            298.9,
            161.89999999999998,
            148.79999999999995,
            281.6,
            282.70000000000005
        ],
        "y": [
            230.60000000000002,
            194.0,
            207.0,
            204.10000000000002,
            223.0,
            249.0,
            233.3,
            258.0,
            268.0,
            266.2,
            279.0
        ]
    },
    "white": {
        "x": [
            137.0,
            197.0,
            145.0,
            178.29999999999995,
            282.0,
            199.5,
            267.79999999999995,
            193.4000000000001,
            160.20000000000005,
            215.0,
            190.0
        ],
        "y": [
            184.0,
            145.0,
            160.0,
            172.2,
            228.0,
            253.89999999999998,
            322.4,
            247.8,
            260.2,
            314.0,
            321.0
        ]
    }
}