{
    "black": {
        "x": [
            222.20000000000005,
            220.0,
            271.0,
            251.0,
            229.0,
            319.0,
            271.20000000000005
        ],
        "y": [
            304.0,
            240.8,
            269.0,
            245.0,
            160.0,
            173.0,
            111.6
        ]
    },
    "white": {
        "x": [
            222.0,
            292.0,
            245.0,
            279.0,
            300.0,
            271.0,
            317.0
        ],
        "y": [
            153.10000000000002,
            186.5,
            224.3,
            222.10000000000002,
            184.2,
            262.0,
            206.0
        ]
    }
}