{
    "black": {
        "x": [
            138.6,
            135.0,
            167.8,
            176.2,
            193.0,
            219.2,
            251.5,
            147.7,
            172.9,
            199.10000000000002,
            240.39999999999998
        ],
        "y": [
            202.0,
            196.0,
            215.0,
            229.0,
            211.2,
            255.39999999999998,
            270.0,
            282.7,
            291.0,
            282.0,
            288.7
        ]
    },
    "white": {
        "x": [
            291.9,
            242.0,
            243.0,
            217.60000000000002,
            168.2,
            182.0,
            162.0,
            220.8,
            240.7,
            222.60000000000002,
            210.8
        ],
        "y": [
            226.0,
            194.7,
            173.6,
            194.0,
            210.0,
            233.0,
            232.0,
            250.2,
            252.2,
            271.3,
            284.4
        ]
    }
}