{
    "black": {
        "x": [
            215.10000000000002,
            175.0,
            250.10000000000002,
            211.60000000000002,
            172.20000000000005,
            239.0,
            160.70000000000005,
            185.0,
            233.89999999999998,
            176.79999999999995,
            241.0
        ],
        "y": [
            220.0,
            176.0,
            175.2,
            215.5,
            229.60000000000002,
            247.2,
            207.0,
            265.4,
            277.5,
            293.2,
            296.8
        ]
    },
    "white": {
        "x": [
            155.79999999999995,
            142.0,
            197.5,
            200.5,
            232.70000000000005,
            248.89999999999998,
            275.0999999999999,
            196.5,
            192.0,
            212.5,
            220.70000000000005
        ],
        "y": [
            220.2,
            187.0,
            189.0,
            224.0,
            205.0,
            224.3,
            268.6,
            241.0,
            245.7,
            273.7,
            283.8
        ]
    }
}