{
    "black": {
        "x": [
            233.0,
            268.1,
            195.0,
            222.39999999999998,
            256.20000000000005,
            153.8,
            168.0,
            270.0,
            166.5,
            237.0,
            147.39999999999998
        ],
        "y": [
            139.8,
            174.7,
            162.0,
            185.2,
            284.6,
            267.7,
            337.5,
            212.7,
            206.4,
            347.0,
            333.2
        ]
    },
    "white": {
        "x": [
            292.1,
            257.8,
            222.3,
            221.2,
            231.8,
            133.6,
            124.7,
            255.0,
            216.0,
            181.2,
            113.5
        ],
        "y": [
            224.5,
            170.6,
            160.0,
            184.3,
            257.3,
            221.3,
            262.0,
            286.0,
            263.0,
            300.1,
            298.5
        ]
    }
}