{
    "black": {
        "x": [
            264.29999999999995,
            228.0,
            285.9,
            261.0,
            229.0,
            310.5,
            296.0
        ],
        "y": [
            319.7,
            261.0,
            268.0,
            242.0,
            142.10000000000002,
            166.0,
            97.0
        ]
    },
    "white": {
        "x": [
            369.0,
            345.0,
            321.20000000000005,
            315.79999999999995,
            218.0,
            228.0,
            169.0
        ],
        "y": [
            168.60000000000002,
            232.0,
            179.0,
            216.0,
            248.39999999999998,
            178.2,
            193.0
        ]
    }
}