{
    "black": {
        "x": [
            348.5,
            305.7,
            346.0,
            322.0,
            227.10000000000002,
            271.0,
            191.0
        ],
        "y": [
            282.0,
            252.8,
            228.3,
            227.7,
            199.0,
            133.6,
            136.0
        ]
    },
    "white": {
        "x": [
            306.6,
            314.0,
            245.8,
            276.3,
            282.0,
            224.0,
            262.1
        ],
        "y": [
            132.5,
            227.2,
            199.39999999999998,
            218.0,
            253.0,
            237.0,
            283.6
        ]
    }
}