{
    "black": {
        "x": [
            149.0,
            209.60000000000002,
            215.89999999999998,
            227.0,
            326.0,
            345.4,
            390.0
        ],
        "y": [
            224.0,
            187.0,
            247.1,
            216.0,
            169.0,
            243.0,
            246.0
        ]
    },
    "white": {
        "x": [
            329.0,
            292.0,
            269.0,
            278.20000000000005,
            263.70000000000005,
            209.0,
            209.0
        ],
        "y": [
            196.3,
            233.0,
            164.0,
            202.0,
            252.0,
            200.0,
            244.0
        ]
    }
}