{
    "black": {
        "x": [
            355.0,
            279.0,
            316.4,
            288.0,
            186.20000000000005,
            228.0,
            183.0
        ],
        "y": [
            276.0,
            250.0,
            203.0,
            218.89999999999998,
            212.0,
            142.0,
            140.4
        ]
    },
    "white": {
        "x": [
            280.0,
            241.0,
            305.79999999999995,
            275.6,
            234.0,
            300.0,
            254.10000000000002
        ],
        "y": [
            283.0,
            223.0,
            215.8,
            220.10000000000002,
            165.2,
            159.0,
            133.0
        ]
    }
}