{
    "black": {
        "x": [
            265.9,
            268.0,
            234.0,
            222.6,
            188.0,
            135.7,
            169.2,
            244.5,
            208.0,
            218.0,
            137.9
        ],
        "y": [
            141.7,
            152.0,
            122.5,
            170.0,
            305.0,
            297.9,
            346.2,
            208.0,
            177.9,
            345.3,
            326.1
        ]
    },
    "white": {
        "x": [
            127.5,
            153.70000000000005,
            208.70000000000005,
            197.0,
            211.0,
            286.5,
            256.0,
            182.0,
            265.0,
            222.20000000000005,
            286.70000000000005
        ],
        "y": [
            86.8,
            106.9,
            82.0,
            138.2,
            314.6,
            299.5,
            355.2,
            170.5,
            122.0,
            407.1,
            396.3
        ]
    }
}