{
    "white": {
        "x": [
            83.80000000000001,
            132.0,
            142.0,
            174.5,
            269.0,
            297.5,
            342.0,
            165.0,
            184.60000000000002,
            280.0,
            297.5
        ],
        "y": [
            269.1,
            209.0,
            210.0,
            207.0,
            204.0,
            234.0,
            228.7,
            278.1,
            273.1,
            273.0,
            275.1
        ]
    },
    "black": {
        "x": [
            67.0,
            127.0,
            140.0,
            167.0,
            295.9000000000001,
            307.0,
            349.0,
            159.0,
            157.0,
            288.9000000000001,
            284.0
        ],
        "y": [
            240.0,
            186.0,
            188.0,
            189.0,
            234.89999999999998,
            254.0,
            284.0,
            275.0,
            273.2,
            294.0,
            295.4
        ]
    }
}