{
    "white": {
        "x": [
            286.0,
            214.0,
            256.0,
            229.20000000000005,
            166.5,
            220.89999999999998,
            151.0,
            199.39999999999998,
            255.9000000000001,
            147.29999999999995,
            198.29999999999995
        ],
        "y": [
            266.6,
            221.5,
            213.0,
            204.0,
            216.0,
            179.0,
            226.0,
            281.0,
            281.0,
            263.0,
            251.89999999999998
        ]
    },
    "black": {
        "x": [
            306.3,
            239.10000000000002,
            250.60000000000002,
            224.3,
            166.4,
            150.7,
            116.4,
            243.0,
            235.39999999999998,
            185.4,
            192.89999999999998
        ],
        "y": [
            232.2,
            215.10000000000002,
            176.8,
            201.4,
            240.0,
            225.5,
            271.2,
            278.4,
            257.9,
            291.8,
            273.3
        ]
    }
}