{
    "black": {
        "x": [
            336.70000000000005,
            301.9,
            299.0,
            280.20000000000005,
            202.0,
            246.0,
            206.0
        ],
        "y": [
            234.0,
            266.8,
            206.0,
            243.0,
            243.0,
            179.0,
            150.0
        ]
    },
    "white": {
        "x": [
            290.0,
            237.0,
            307.0,
            272.0,
            231.0,
            293.0,
            263.0
        ],
        "y": [
            268.0,
            216.0,
            202.0,
            216.0,
            184.0,
            170.0,
            147.0
        ]
    }
}