{
    "white": {
        "x": [
            263.2,
            215.89999999999998,
            183.89999999999998,
            200.10000000000002,
            182.3,
            164.5,
            197.8,
            264.2,
            253.2,
            189.0,
            245.5
        ],
        "y": [
            154.9,
            171.7,
            153.6,
            197.9,
            275.0,
            258.4,
            295.4,
            252.39999999999998,
            234.3,
            313.8,
            319.4
        ]
    },
    "black": {
        "x": [
            319.79999999999995,
            262.4,
            274.20000000000005,
            246.89999999999998,
            174.70000000000005,
            147.0,
            90.10000000000002,
            250.89999999999998,
            251.29999999999995,
            158.0,
            185.79999999999995
        ],
        "y": [
            247.10000000000002,
            195.5,
            179.3,
            206.0,
            252.2,
            174.2,
            255.2,
            273.9,
            263.3,
            295.1,
            275.4
        ]
    }
}