{
    "black": {
        "x": [
            369.70000000000005,
            363.0,
            307.0,
            328.70000000000005,
            225.60000000000002,
            245.0,
            170.5
        ],
        "y": [
            156.0,
            235.0,
            188.0,
            217.0,
            260.0,
            163.0,
            207.0
        ]
    },
    "white": {
        "x": [
            195.70000000000005,
            191.0,
            241.0,
            217.70000000000005,
            266.0,
            318.0,
            348.0
        ],
        "y": [
            282.0,
            213.0,
            243.0,
            219.0,
            134.0,
            201.0,
            163.0
        ]
    }
}