{
    "white": {
        "x": [
            257.0,
            200.0,
            202.0,
            215.0,
            207.0,
            260.5,
            214.20000000000005,
            236.29999999999995,
            270.0,
            244.0,
            231.0
        ],
        "y": [
            174.6,
            197.8,
            184.0,
            207.0,
            286.0,
            276.0,
            293.0,
            264.0,
            217.0,
            296.0,
            269.0
        ]
    },
    "black": {
        "x": [
            232.0,
            206.0,
            211.0,
            227.0,
            193.0,
            215.0,
            149.0,
            243.0,
            197.5,
            208.60000000000002,
            161.0
        ],
        "y": [
            180.0,
            192.0,
            200.0,
            216.0,
            240.39999999999998,
            264.6,
            276.6,
            221.0,
            211.0,
            282.0,
            268.0
        ]
    }
}