{
    "black": {
        "x": [
            174.39999999999998,
            226.0,
            212.0,
            244.0,
            320.0,
            290.0,
            365.0
        ],
        "y": [
            189.0,
            167.3,
            199.7,
            194.0,
            176.0,
            249.0,
            239.0
        ]
    },
    "white": {
        "x": [
            349.0,
            264.6,
            293.0,
            272.79999999999995,
            200.8,
            244.39999999999998,
            190.0
        ],
        "y": [
            249.0,
            263.0,
            207.0,
            225.0,
            221.5,
            158.0,
            153.0
        ]
    }
}