{
    "white": {
        "x": [
            56.10000000000002,
            125.0,
            134.39999999999998,
            162.60000000000002,
            256.29999999999995,
            273.4,
            347.70000000000005,
            178.10000000000002,
            206.89999999999998,
            312.0,
            316.79999999999995
        ],
        "y": [
            259.0,
            214.7,
            213.0,
            214.0,
            210.5,
            229.0,
            204.0,
            271.0,
            268.1,
            254.0,
            250.0
        ]
    },
    "black": {
        "x": [
            299.0,
            265.6,
            276.0,
            240.0,
            163.0,
            143.60000000000002,
            113.0,
            250.29999999999995,
            251.0,
            177.89999999999998,
            189.0
        ],
        "y": [
            241.0,
            210.0,
            193.0,
            197.9,
            247.3,
            238.0,
            270.0,
            258.6,
            253.0,
            259.4,
            260.7
        ]
    }
}