{
    "white": {
        "x": [
            314.0,
            234.0,
            221.0,
            213.29999999999995,
            159.89999999999998,
            133.60000000000002,
            105.29999999999995,
            246.70000000000005,
            246.70000000000005,
            181.0,
            158.60000000000002
        ],
        "y": [
            135.3,
            139.0,
            123.1,
            155.5,
            257.3,
            260.8,
            333.0,
            205.0,
            202.6,
            312.4,
            344.8
        ]
    }
}