{
    "black": {
        "x": [
            283.79999999999995,
            261.6,
            242.5,
            222.0,
            215.0,
            123.0,
            249.0,
            264.0,
            248.0,
            255.0,
            165.0
        ],
        "y": [
            239.0,
            178.0,
            159.0,
            231.0,
            243.7,
            247.8,
            295.0,
            237.0,
            239.0,
            296.2,
            299.2
        ]
    },
    "white": {
        "x": [
            294.0,
            255.0,
            224.0,
            224.5,
            202.0,
            163.0,
            121.0,
            278.0,
            267.79999999999995,
            181.0,
            197.0
        ],
        "y": [
            137.0,
            175.0,
            156.0,
            202.5,
            286.2,
            258.0,
            309.0,
            242.0,
            228.0,
            335.0,
            313.4
        ]
    }
}