{
    "black": {
        "x": [
            322.4000000000001,
            282.0,
            282.0,
            247.79999999999995,
            183.0,
            189.0,
            117.70000000000005,
            264.9,
            272.0,
            168.10000000000002,
            170.20000000000005
        ],
        "y": [
            268.0,
            260.8,
            214.3,
            238.5,
            241.0,
            207.2,
            234.39999999999998,
            294.9,
            264.7,
            298.0,
            268.7
        ]
    },
    "white": {
        "x": [
            277.0,
            232.29999999999995,
            204.89999999999998,
            201.29999999999995,
            216.0,
            143.70000000000005,
            198.0,
            248.29999999999995,
            234.20000000000005,
            236.0,
            206.0
        ],
        "y": [
            156.0,
            165.10000000000002,
            139.9,
            171.7,
            250.2,
            201.39999999999998,
            320.3,
            226.0,
            229.60000000000002,
            296.1,
            304.0
        ]
    }
}