{
    "white": {
        "x": [
            221.0,
            202.0,
            144.0,
            189.0,
            265.0,
            210.0,
            263.0,
            244.0,
            137.0,
            272.0999999999999,
            185.0
        ],
        "y": [
            136.0,
            147.0,
            148.0,
            170.0,
            246.0,
            257.0,
            293.0,
            220.0,
            285.0,
            310.0,
            323.0
        ]
    },
    "black": {
        "x": [
            327.0,
            285.0,
            259.0,
            254.60000000000002,
            151.0,
            120.0,
            93.0,
            276.0,
            229.0,
            103.0,
            180.0
        ],
        "y": [
            196.0,
            194.0,
            155.0,
            187.0,
            251.0,
            217.0,
            253.0,
            299.0,
            299.0,
            321.0,
            298.0
        ]
    }
}