{
    "white": {
        "x": [
            214.0,
            190.0999999999999,
            255.5999999999999,
            219.20000000000005,
            183.0,
            259.5999999999999,
            202.70000000000005,
            169.89999999999998,
            240.79999999999995,
            150.0,
            237.9000000000001
        ],
        "y": [
            115.19999999999999,
            141.7,
            145.0,
            179.1,
            294.9,
            293.5,
            353.0,
            217.0,
            216.10000000000002,
            340.0,
            337.0
        ]
    },
    "black": {
        "x": [
            319.9,
            234.89999999999998,
            260.0,
            230.0,
            151.60000000000002,
            136.79999999999995,
            103.89999999999998,
            275.4,
            276.6,
            188.89999999999998,
            202.79999999999995
        ],
        "y": [
            166.1,
            173.10000000000002,
            151.9,
            182.0,
            286.0,
            275.9,
            310.0,
            248.7,
            234.89999999999998,
            318.2,
            310.8
        ]
    }
}