{
    "white": {
        "x": [
            290.0,
            243.0,
            262.0,
            259.0,
            168.0,
            180.0,
            133.60000000000002,
            227.0,
            263.0,
            163.5,
            168.0
        ],
        "y": [
            178.0,
            196.0,
            184.0,
            215.0,
            258.0,
            255.5,
            278.0,
            281.1,
            276.0,
            298.0,
            294.0
        ]
    },
    "black": {
        "x": [
            239.10000000000002,
            265.0,
            218.0,
            232.0,
            207.0,
            161.0,
            169.10000000000002,
            260.0,
            204.0,
            237.0,
            170.0
        ],
        "y": [
            133.7,
            175.0,
            172.0,
            191.0,
            274.0,
            282.6,
            334.0,
            218.0,
            210.0,
            304.3,
            290.0
        ]
    }
}