{
    "black": {
        "x": [
            269.5,
            299.0,
            262.0,
            288.0,
            296.0,
            239.0,
            268.1
        ],
        "y": [
            291.5,
            241.0,
            241.0,
            228.0,
            170.0,
            161.2,
            125.0
        ]
    },
    "white": {
        "x": [
            363.0,
            327.79999999999995,
            328.9,
            311.0,
            216.0,
            203.70000000000005,
            175.0
        ],
        "y": [
            189.0,
            201.0,
            152.0,
            178.0,
            246.0,
            194.0,
            264.0
        ]
    }
}