{
    "black": {
        "x": [
            341.0,
            301.0,
            319.0,
            295.0,
            174.1,
            148.8,
            106.0,
            294.7,
            291.7,
            140.0,
            144.0
        ],
        "y": [
            243.7,
            216.5,
            199.0,
            209.0,
            198.0,
            221.0,
            248.0,
            249.8,
            208.0,
            290.1,
            242.7
        ]
    },
    "white": {
        "x": [
            264.8,
            270.8,
            213.39999999999998,
            227.3,
            236.60000000000002,
            165.0,
            200.0,
            261.0,
            206.0,
            246.5,
            157.0
        ],
        "y": [
            165.8,
            169.0,
            154.60000000000002,
            178.0,
            261.1,
            273.0,
            305.0,
            239.0,
            220.0,
            305.8,
            316.9
        ]
    }
}