{
    "white": {
        "x": [
            221.8,
            211.2,
            246.2,
            228.39999999999998,
            196.2,
            262.0,
            220.60000000000002,
            226.3,
            248.5,
            199.5,
            246.5
        ],
        "y": [
            254.5,
            223.2,
            220.2,
            206.0,
            197.3,
            190.7,
            223.0,
            281.8,
            274.6,
            271.0,
            252.5
        ]
    },
    "black": {
        "x": [
            162.70000000000005,
            147.60000000000002,
            194.89999999999998,
            183.89999999999998,
            157.60000000000002,
            248.4000000000001,
            255.9000000000001,
            137.5,
            151.60000000000002,
            129.39999999999998,
            124.39999999999998
        ],
        "y": [
            157.6,
            183.2,
            151.0,
            187.3,
            248.8,
            208.39999999999998,
            263.1,
            212.0,
            175.2,
            247.8,
            207.39999999999998
        ]
    }
}