{
    "black": {
        "x": [
            237.70000000000005,
            250.0,
            207.79999999999995,
            228.29999999999995,
            226.70000000000005,
            157.0,
            166.0,
            258.70000000000005,
            208.0,
            219.39999999999998,
            151.0
        ],
        "y": [
            171.0,
            186.60000000000002,
            170.0,
            182.60000000000002,
            228.0,
            204.0,
            234.0,
            194.60000000000002,
            191.0,
            268.2,
            258.3
        ]
    },
    "white": {
        "x": [
            253.79999999999995,
            245.0,
            182.0,
            208.0,
            213.0,
            147.0,
            150.89999999999998,
            278.0,
            224.0,
            234.0,
            158.0
        ],
        "y": [
            121.19999999999999,
            162.10000000000002,
            145.0,
            177.0,
            304.0,
            289.0,
            340.0,
            201.7,
            177.0,
            327.9,
            309.0
        ]
    }
}