{
    "black": {
        "x": [
            309.0,
            262.3,
            274.4,
            243.0,
            161.60000000000002,
            147.0,
            108.10000000000002,
            245.0,
            263.4,
            153.5,
            183.0
        ],
        "y": [
            239.0,
            216.0,
            189.9,
            200.10000000000002,
            232.3,
            208.2,
            239.0,
            275.0,
            264.6,
            280.7,
            269.6
        ]
    },
    "white": {
        "x": [
            285.0999999999999,
            198.70000000000005,
            221.0,
            234.5,
            166.5,
            183.9000000000001,
            125.09999999999991,
            239.0,
            299.0,
            132.0,
            172.79999999999995
        ],
        "y": [
            59.2,
            81.6,
            66.3,
            126.8,
            322.0,
            277.0,
            340.0,
            170.0,
            142.0,
            428.0,
            402.5
        ]
    }
}