{
    "black": {
        "x": [
            143.0999999999999,
            153.0,
            178.29999999999995,
            179.0,
            249.9000000000001,
            241.0,
            283.0,
            152.0999999999999,
            160.20000000000005,
            263.0,
            205.5999999999999
        ],
        "y": [
            149.0,
            185.3,
            158.10000000000002,
            189.0,
            250.8,
            233.7,
            294.2,
            249.8,
            248.8,
            322.0,
            316.0
        ]
    },
    "white": {
        "x": [
            263.0,
            196.0,
            237.29999999999995,
            213.0999999999999,
            177.79999999999995,
            174.0,
            163.0,
            211.0999999999999,
            246.0,
            167.70000000000005,
            212.0999999999999
        ],
        "y": [
            155.0,
            147.1,
            124.9,
            181.0,
            263.0,
            256.0,
            310.4,
            215.6,
            217.0,
            338.6,
            315.4
        ]
    }
}