{
    "black": {
        "x": [
            375.79999999999995,
            365.79999999999995,
            349.0,
            340.0,
            229.0,
            226.0,
            163.0
        ],
        "y": [
            178.0,
            241.0,
            198.0,
            220.0,
            248.0,
            167.0,
            216.0
        ]
    },
    "white": {
        "x": [
            193.0,
            255.0,
            218.0,
            250.0,
            320.79999999999995,
            289.0,
            346.0
        ],
        "y": [
            148.0,
            173.0,
            217.0,
            203.0,
            208.0,
            267.0,
            257.0
        ]
    }
}