{
    "white": {
        "x": [
            207.89999999999998,
            220.0,
            181.60000000000002,
            205.0,
            230.0,
            190.70000000000005,
            209.0,
            198.89999999999998,
            231.5,
            244.0999999999999,
            199.79999999999995
        ],
        "y": [
            175.0,
            183.3,
            179.0,
            195.0,
            226.0,
            229.0,
            265.0,
            217.0,
            219.0,
            279.0,
            278.0
        ]
    },
    "black": {
        "x": [
            289.70000000000005,
            287.0,
            269.0,
            264.5,
            201.0,
            156.0,
            125.0,
            278.0,
            253.29999999999995,
            232.20000000000005,
            175.0
        ],
        "y": [
            217.0,
            181.0,
            181.0,
            189.0,
            220.2,
            243.3,
            283.7,
            265.5,
            236.0,
            283.7,
            283.7
        ]
    }
}