{
    "black": {
        "x": [
            218.0,
            294.0,
            241.0,
            275.0,
            320.0,
            243.0,
            262.0
        ],
        "y": [
            119.0,
            127.0,
            156.0,
            163.0,
            219.0,
            235.0,
            297.0
        ]
    },
    "white": {
        "x": [
            297.4,
            258.4,
            303.9,
            281.20000000000005,
            235.70000000000005,
            303.9,
            249.0
        ],
        "y": [
            283.0,
            250.0,
            244.9,
            224.0,
            185.0,
            162.0,
            132.0
        ]
    }
}