{
    "white": {
        "x": [
            131.20000000000005,
            146.79999999999995,
            164.89999999999998,
            180.0,
            249.60000000000002,
            243.79999999999995,
            311.70000000000005,
            182.0,
            192.10000000000002,
            245.5,
            272.70000000000005
        ],
        "y": [
            205.7,
            198.7,
            197.10000000000002,
            214.60000000000002,
            224.3,
            209.2,
            243.5,
            239.39999999999998,
            215.2,
            254.5,
            207.89999999999998
        ]
    },
    "black": {
        "x": [
            328.9,
            322.29999999999995,
            315.79999999999995,
            297.70000000000005,
            175.70000000000005,
            190.89999999999998,
            94.10000000000002,
            256.4,
            251.29999999999995,
            160.60000000000002,
            155.60000000000002
        ],
        "y": [
            259.1,
            242.8,
            217.10000000000002,
            223.8,
            259.1,
            201.39999999999998,
            234.89999999999998,
            260.9,
            271.0,
            258.2,
            275.0
        ]
    }
}