{
    "black": {
        "x": [
            148.8,
            154.3,
            152.39999999999998,
            152.39999999999998,
            187.3,
            236.60000000000002,
            270.7,
            185.60000000000002,
            178.8,
            257.8,
            269.1
        ],
        "y": [
            167.4,
            150.4,
            184.3,
            196.5,
            241.89999999999998,
            185.0,
            231.3,
            225.10000000000002,
            220.8,
            257.5,
            217.5
        ]
    },
    "white": {
        "x": [
            293.7,
            229.0,
            263.3,
            209.39999999999998,
            153.5,
            178.89999999999998,
            134.6,
            214.2,
            239.0,
            216.5,
            179.5
        ],
        "y": [
            257.4,
            202.8,
            189.60000000000002,
            253.3,
            224.89999999999998,
            250.89999999999998,
            250.89999999999998,
            273.8,
            248.5,
            248.5,
            219.89999999999998
        ]
    }
}