{
    "white": {
        "x": [
            188.0,
            224.4000000000001,
            178.0999999999999,
            213.0,
            262.20000000000005,
            174.20000000000005,
            173.0,
            252.0,
            187.20000000000005,
            241.70000000000005,
            165.0
        ],
        "y": [
            183.0,
            150.7,
            184.0,
            184.3,
            276.5,
            251.5,
            303.0,
            209.0,
            218.0,
            297.9,
            277.8
        ]
    },
    "black": {
        "x": [
            368.1,
            290.6,
            287.29999999999995,
            270.79999999999995,
            109.0,
            100.79999999999995,
            45.39999999999998,
            295.4,
            274.5,
            79.10000000000002,
            140.70000000000005
        ],
        "y": [
            238.60000000000002,
            194.2,
            172.0,
            200.3,
            239.5,
            214.0,
            244.89999999999998,
            275.2,
            257.9,
            306.4,
            280.0
        ]
    }
}