{
    "white": {
        "x": [
            125.19999999999999,
            182.60000000000002,
            193.7,
            205.0,
            242.10000000000002,
            253.20000000000005,
            299.5,
            188.0,
            182.60000000000002,
            251.10000000000002,
            233.0
        ],
        "y": [
            180.2,
            182.3,
            189.7,
            212.7,
            259.6,
            257.0,
            270.7,
            262.0,
            263.6,
            278.0,
            288.8
        ]
    },
    "black": {
        "x": [
            296.8,
            253.3,
            253.3,
            235.0,
            178.7,
            151.0,
            126.30000000000001,
            258.3,
            228.10000000000002,
            193.10000000000002,
            169.10000000000002
        ],
        "y": [
            217.0,
            220.5,
            190.2,
            208.39999999999998,
            252.7,
            237.0,
            279.0,
            271.9,
            246.7,
            275.9,
            261.8
        ]
    }
}