{
    "black": {
        "x": [
            320.9,
            277.0,
            321.0,
            296.0,
            218.0,
            289.0,
            218.0
        ],
        "y": [
            298.1,
            257.0,
            235.0,
            232.60000000000002,
            192.0,
            148.1,
            117.0
        ]
    },
    "white": {
        "x": [
            337.0,
            304.0,
            288.5,
            281.0,
            250.89999999999998,
            222.0,
            201.0
        ],
        "y": [
            170.0,
            214.10000000000002,
            170.3,
            196.8,
            245.7,
            171.39999999999998,
            230.0
        ]
    }
}