{
    "black": {
        "x": [
            331.6,
            301.4,
            305.4,
            262.29999999999995,
            157.20000000000005,
            141.10000000000002,
            102.20000000000005,
            278.20000000000005,
            278.20000000000005,
            147.10000000000002,
            154.20000000000005
        ],
        "y": [
            243.2,
            201.60000000000002,
            179.39999999999998,
            202.39999999999998,
            230.39999999999998,
            199.5,
            224.60000000000002,
            259.9,
            237.7,
            273.1,
            254.0
        ]
    },
    "white": {
        "x": [
            214.20000000000005,
            174.89999999999998,
            160.39999999999998,
            180.89999999999998,
            202.20000000000005,
            165.89999999999998,
            184.89999999999998,
            264.0,
            241.60000000000002,
            261.79999999999995,
            208.29999999999995
        ],
        "y": [
            135.1,
            191.7,
            179.4,
            211.2,
            275.8,
            274.8,
            319.0,
            240.39999999999998,
            215.10000000000002,
            334.2,
            299.7
        ]
    }
}