{
    "white": {
        "x": [
            150.0,
            148.39999999999998,
            207.0,
            182.0,
            227.0,
            248.0,
            278.0,
            139.0,
            175.60000000000002,
            209.0,
            224.0
        ],
        "y": [
            205.10000000000002,
            167.0,
            171.0,
            181.0,
            216.2,
            251.0,
            261.0,
            259.0,
            283.0,
            254.0,
            286.0
        ]
    },
    "black": {
        "x": [
            337.0,
            272.0,
            239.0,
            243.0,
            177.0,
            115.0,
            69.0,
            284.0,
            243.0,
            193.0,
            155.79999999999995
        ],
        "y": [
            167.0,
            166.10000000000002,
            141.0,
            183.0,
            274.0,
            258.0,
            293.0,
            272.0,
            240.0,
            325.3,
            283.0
        ]
    }
}