{
    "black": {
        "x": [
            270.0,
            288.0,
            216.0,
            251.0,
            322.0,
            226.0,
            280.79999999999995
        ],
        "y": [
            120.80000000000001,
            196.0,
            176.60000000000002,
            198.0,
            230.0,
            264.0,
            296.2
        ]
    },
    "white": {
        "x": [
            315.0,
            255.0,
            323.0,
            286.0,
            239.0,
            274.0,
            216.79999999999995
        ],
        "y": [
            289.0,
            234.0,
            195.0,
            205.0,
            189.0,
            141.0,
            127.0
        ]
    }
}