{
    "black": {
        "x": [
            97.0,
            154.39999999999998,
            155.0,
            167.0,
            283.0,
            284.0,
            325.0,
            180.0,
            208.8,
            289.5,
            286.0
        ],
        "y": [
            252.0,
            211.10000000000002,
            248.39999999999998,
            229.0,
            209.10000000000002,
            243.0,
            207.10000000000002,
            271.6,
            285.7,
            258.0,
            275.6
        ]
    },
    "white": {
        "x": [
            160.0,
            224.6,
            199.0,
            195.4,
            269.0,
            209.0,
            274.0,
            166.0,
            128.9,
            274.0,
            209.5
        ],
        "y": [
            69.0,
            106.6,
            114.0,
            142.9,
            291.0,
            294.0,
            353.0,
            177.1,
            199.3,
            402.9,
            397.9
        ]
    }
}