{
    "black": {
        "x": [
            346.0,
            288.9,
            327.6,
            296.7,
            241.0,
            225.1,
            193.9
        ],
        "y": [
            251.8,
            237.0,
            193.2,
            204.5,
            229.3,
            165.0,
            230.2
        ]
    },
    "white": {
        "x": [
            245.0,
            230.0,
            288.4,
            255.70000000000005,
            247.29999999999995,
            309.70000000000005,
            285.0
        ],
        "y": [
            321.0,
            272.0,
            270.0,
            252.39999999999998,
            142.0,
            149.0,
            94.0
        ]
    }
}