{
    "black": {
        "x": [
            365.0,
            321.0,
            337.0,
            317.0,
            238.60000000000002,
            237.0,
            174.0
        ],
        "y": [
            250.0,
            244.0,
            203.0,
            216.0,
            249.0,
            165.9,
            214.0
        ]
    },
    "white": {
        "x": [
            204.29999999999995,
            265.0,
            210.0,
            244.0,
            311.20000000000005,
            273.0,
            335.0
        ],
        "y": [
            153.0,
            177.0,
            215.0,
            204.0,
            200.0,
            263.0,
            246.0
        ]
    }
}