{
    "black": {
        "x": [
            218.3,
            227.5,
            234.2,
            217.0,
            179.0,
            190.2,
            167.10000000000002,
            240.10000000000002,
            196.39999999999998,
            193.3,
            217.0
        ],
        "y": [
            198.8,
            183.7,
            203.0,
            196.5,
            204.9,
            224.4,
            296.6,
            258.3,
            246.2,
            304.7,
            270.0
        ]
    },
    "white": {
        "x": [
            156.8,
            175.60000000000002,
            196.10000000000002,
            208.20000000000005,
            269.9,
            236.39999999999998,
            252.60000000000002,
            220.29999999999995,
            228.29999999999995,
            202.20000000000005,
            190.20000000000005
        ],
        "y": [
            200.5,
            147.4,
            172.6,
            147.0,
            202.8,
            261.3,
            316.7,
            248.0,
            291.5,
            300.2,
            329.8
        ]
    }
}