{
    "black": {
        "x": [
            267.0,
            248.0,
            303.1,
            278.0,
            231.60000000000002,
            308.0,
            252.20000000000005
        ],
        "y": [
            306.0,
            267.0,
            272.0,
            253.0,
            202.0,
            179.0,
            110.0
        ]
    },
    "white": {
        "x": [
            162.0,
            205.7,
            179.0,
            205.0,
            316.0,
            297.0,
            377.0
        ],
        "y": [
            157.0,
            163.0,
            200.2,
            196.0,
            176.0,
            259.0,
            222.0
        ]
    }
}