{
    "white": {
        "x": [
            310.0,
            263.0,
            296.0,
            271.0,
            187.0,
            195.0,
            120.0,
            251.0,
            266.0,
            161.89999999999998,
            213.0
        ],
        "y": [
            266.0,
            198.0,
            177.0,
            204.60000000000002,
            206.0,
            167.0,
            192.0,
            298.0,
            284.0,
            286.0,
            270.0
        ]
    },
    "black": {
        "x": [
            123.0,
            169.0,
            143.0,
            160.0,
            265.0,
            238.0,
            293.0,
            174.0,
            158.0,
            230.0,
            209.0
        ],
        "y": [
            252.0,
            185.0,
            208.0,
            214.2,
            219.0,
            235.0,
            270.0,
            261.0,
            272.0,
            279.0,
            291.0
        ]
    }
}