{
    "black": {
        "x": [
            304.0,
            300.0,
            263.29999999999995,
            267.4,
            202.20000000000005,
            177.60000000000002,
            105.10000000000002,
            267.0,
            248.20000000000005,
            184.60000000000002,
            157.79999999999995
        ],
        "y": [
            178.2,
            187.5,
            171.6,
            198.5,
            250.7,
            222.0,
            262.3,
            287.5,
            265.3,
            299.0,
            274.0
        ]
    },
    "white": {
        "x": [
            318.7,
            278.8,
            241.3,
            243.3,
            176.2,
            118.69999999999999,
            92.30000000000001,
            239.0,
            208.0,
            175.39999999999998,
            106.80000000000001
        ],
        "y": [
            204.39999999999998,
            186.0,
            161.0,
            185.2,
            246.89999999999998,
            209.39999999999998,
            263.4,
            284.0,
            267.9,
            318.3,
            299.1
        ]
    }
}