{
    "black": {
        "x": [
            128.0,
            172.0,
            181.7,
            207.60000000000002,
            265.4,
            267.6,
            333.0,
            202.2,
            205.3,
            273.0,
            272.8
        ],
        "y": [
            266.2,
            203.7,
            217.0,
            207.2,
            239.39999999999998,
            207.0,
            227.39999999999998,
            261.6,
            245.5,
            255.10000000000002,
            237.39999999999998
        ]
    },
    "white": {
        "x": [
            165.8,
            227.0,
            202.5,
            224.0,
            259.6,
            211.0,
            233.39999999999998,
            240.60000000000002,
            207.5,
            253.3,
            204.8
        ],
        "y": [
            170.1,
            174.6,
            181.9,
            187.0,
            262.6,
            261.6,
            303.4,
            208.7,
            226.0,
            282.0,
            288.8
        ]
    }
}