{
    "black": {
        "x": [
            277.4,
            228.0,
            285.0,
            260.1,
            228.0,
            310.0,
            261.0
        ],
        "y": [
            302.0,
            258.0,
            246.0,
            235.0,
            174.0,
            157.2,
            113.5
        ]
    },
    "white": {
        "x": [
            282.0,
            317.0,
            261.0,
            288.79999999999995,
            290.79999999999995,
            222.0,
            234.0
        ],
        "y": [
            124.0,
            182.0,
            182.0,
            195.0,
            262.0,
            231.0,
            291.0
        ]
    }
}