{
    "black": {
        "x": [
            276.0,
            248.79999999999995,
            294.4,
            270.6,
            236.0,
            303.0,
            244.0
        ],
        "y": [
            299.0,
            274.0,
            276.0,
            255.0,
            196.0,
            186.0,
            117.80000000000001
        ]
    },
    "white": {
        "x": [
            305.0,
            308.0,
            257.29999999999995,
            282.0,
            305.0,
            230.0,
            252.0
        ],
        "y": [
            120.0,
            188.8,
            175.39999999999998,
            189.0,
            245.0,
            234.0,
            296.0
        ]
    }
}