{
    "black": {
        "x": [
            384.1,
            333.0,
            320.0,
            304.0,
            214.0,
            215.0,
            154.0
        ],
        "y": [
            192.0,
            228.5,
            172.0,
            203.0,
            246.0,
            170.0,
            198.0
        ]
    },
    "white": {
        "x": [
            329.0,
            299.0,
            265.0,
            272.4,
            219.0,
            233.0,
            210.0
        ],
        "y": [
            165.8,
            231.10000000000002,
            184.0,
            216.89999999999998,
            251.0,
            183.0,
            171.0
        ]
    }
}