{
    "black": {
        "x": [
            295.5,
            306.5,
            288.5,
            266.0,
            225.0,
            124.0,
            83.29999999999995,
            282.0,
            244.0,
            223.10000000000002,
            150.0
        ],
        "y": [
            209.0,
            169.8,
            169.0,
            210.89999999999998,
            264.0,
            238.0,
            261.0,
            264.0,
            282.0,
            295.0,
            275.0
        ]
    },
    "white": {
        "x": [
            252.39999999999998,
            269.0,
            229.0,
            235.0,
            213.0,
            154.0,
            206.0,
            230.0,
            196.89999999999998,
            263.8,
            192.0
        ],
        "y": [
            250.0,
            210.0,
            212.0,
            205.0,
            228.0,
            242.0,
            271.7,
            258.0,
            265.0,
            275.0,
            288.7
        ]
    }
}