{
    "black": {
        "x": [
            253.89999999999998,
            191.70000000000005,
            219.10000000000002,
            202.5,
            235.79999999999995,
            220.0,
            260.6,
            190.39999999999998,
            199.0,
            186.39999999999998,
            229.0
        ],
        "y": [
            211.5,
            206.5,
            197.3,
            224.7,
            256.0,
            237.8,
            213.5,
            260.0,
            245.89999999999998,
            267.2,
            276.9
        ]
    },
    "white": {
        "x": [
            207.4,
            237.0,
            195.1,
            189.0,
            243.7,
            181.0,
            208.0,
            263.9,
            145.9,
            179.2,
            233.6
        ],
        "y": [
            172.0,
            192.5,
            171.2,
            201.39999999999998,
            289.1,
            274.0,
            290.7,
            228.60000000000002,
            233.0,
            291.1,
            297.8
        ]
    }
}