{
    "black": {
        "x": [
            145.10000000000002,
            188.39999999999998,
            234.5,
            218.0,
            235.7,
            274.0,
            284.2,
            154.39999999999998,
            189.89999999999998,
            230.39999999999998,
            252.10000000000002
        ],
        "y": [
            229.89999999999998,
            164.8,
            233.8,
            193.0,
            169.60000000000002,
            241.8,
            200.3,
            240.3,
            278.5,
            225.7,
            270.3
        ]
    },
    "white": {
        "x": [
            92.7,
            122.3,
            128.2,
            141.0,
            279.7,
            269.0,
            323.0,
            167.1,
            170.3,
            307.3,
            294.5
        ],
        "y": [
            295.7,
            186.89999999999998,
            214.89999999999998,
            205.0,
            167.0,
            229.0,
            189.0,
            266.6,
            293.6,
            252.89999999999998,
            275.9
        ]
    }
}