{
    "black": {
        "x": [
            287.0,
            307.0,
            258.0,
            278.0,
            290.20000000000005,
            232.0,
            246.0
        ],
        "y": [
            113.0,
            162.0,
            150.0,
            177.0,
            264.0,
            236.0,
            303.0
        ]
    },
    "white": {
        "x": [
            287.0,
            252.0,
            302.0,
            274.79999999999995,
            236.0,
            302.0,
            269.0
        ],
        "y": [
            277.0,
            225.0,
            216.0,
            205.0,
            153.3,
            156.0,
            139.0
        ]
    }
}