{
    "black": {
        "x": [
            341.0,
            274.2,
            292.0,
            269.0,
            197.0,
            277.6,
            276.9
        ],
        "y": [
            250.0,
            266.3,
            199.2,
            230.0,
            199.0,
            171.0,
            150.3
        ]
    },
    "white": {
        "x": [
            196.29999999999995,
            258.0,
            206.70000000000005,
            240.70000000000005,
            330.4,
            276.4,
            342.0
        ],
        "y": [
            122.0,
            133.9,
            167.0,
            161.0,
            234.8,
            272.8,
            293.3
        ]
    }
}