{
    "black": {
        "x": [
            240.20000000000005,
            169.60000000000002,
            244.0999999999999,
            205.89999999999998,
            178.70000000000005,
            216.29999999999995,
            169.39999999999998,
            221.0,
            257.20000000000005,
            196.0,
            242.9000000000001
        ],
        "y": [
            214.0,
            212.0,
            178.7,
            188.8,
            247.2,
            217.3,
            257.9,
            265.5,
            262.4,
            292.6,
            287.6
        ]
    },
    "white": {
        "x": [
            325.7,
            293.5,
            253.2,
            255.3,
            183.6,
            128.6,
            84.9,
            280.4,
            236.0,
            164.0,
            127.69999999999999
        ],
        "y": [
            252.0,
            206.7,
            170.10000000000002,
            198.60000000000002,
            252.0,
            198.89999999999998,
            249.0,
            268.2,
            262.1,
            301.4,
            271.2
        ]
    }
}