{
    "black": {
        "x": [
            150.7,
            192.60000000000002,
            138.10000000000002,
            173.3,
            240.89999999999998,
            219.8,
            290.29999999999995,
            230.39999999999998,
            216.0,
            253.5,
            254.89999999999998
        ],
        "y": [
            271.1,
            214.0,
            214.0,
            196.39999999999998,
            220.8,
            164.9,
            252.3,
            265.7,
            246.60000000000002,
            264.3,
            254.8
        ]
    },
    "white": {
        "x": [
            97.0,
            141.89999999999998,
            128.29999999999995,
            143.29999999999995,
            243.5,
            226.29999999999995,
            318.0,
            198.0,
            167.79999999999995,
            269.79999999999995,
            231.70000000000005
        ],
        "y": [
            224.89999999999998,
            184.0,
            197.7,
            205.0,
            186.9,
            234.39999999999998,
            243.89999999999998,
            261.6,
            269.0,
            261.5,
            273.0
        ]
    }
}