{
    "black": {
        "x": [
            361.9,
            323.79999999999995,
            326.79999999999995,
            309.0,
            217.0,
            253.0,
            177.0
        ],
        "y": [
            218.0,
            259.0,
            200.0,
            226.0,
            242.0,
            156.89999999999998,
            172.0
        ]
    },
    "white": {
        "x": [
            243.0,
            232.0,
            287.29999999999995,
            263.0,
            228.0,
            311.0,
            259.0
        ],
        "y": [
            305.1,
            248.0,
            258.0,
            239.0,
            152.0,
            158.0,
            111.0
        ]
    }
}