{
    "black": {
        "x": [
            112.0,
            156.20000000000005,
            163.79999999999995,
            184.29999999999995,
            238.60000000000002,
            255.29999999999995,
            300.70000000000005,
            223.10000000000002,
            203.70000000000005,
            260.79999999999995,
            267.29999999999995
        ],
        "y": [
            252.5,
            173.3,
            213.0,
            188.0,
            188.0,
            230.7,
            232.0,
            270.5,
            274.1,
            276.1,
            275.9
        ]
    },
    "white": {
        "x": [
            143.39999999999998,
            174.39999999999998,
            163.39999999999998,
            168.39999999999998,
            228.89999999999998,
            248.0,
            289.5999999999999,
            181.70000000000005,
            154.5,
            221.60000000000002,
            199.0
        ],
        "y": [
            160.3,
            160.3,
            165.7,
            196.0,
            254.0,
            233.10000000000002,
            307.9,
            260.9,
            255.10000000000002,
            291.8,
            286.5
        ]
    }
}