{
    "black": {
        "x": [
            177.70000000000005,
            222.0,
            231.0,
            241.0,
            297.0,
            359.0,
            362.0
        ],
        "y": [
            239.89999999999998,
            222.0,
            275.0,
            246.0,
            178.0,
            221.0,
            141.0
        ]
    },
    "white": {
        "x": [
            198.0,
            230.0,
            238.0,
            252.0,
            288.0,
            340.0,
            316.0
        ],
        "y": [
            241.0,
            205.0,
            263.0,
            221.0,
            165.0,
            228.0,
            153.0
        ]
    }
}