{
    "black": {
        "x": [
            333.0,
            281.0,
            285.0,
            255.0,
            141.0,
            132.79999999999995,
            70.0,
            222.0,
            209.39999999999998,
            124.0,
            129.0
        ],
        "y": [
            221.3,
            228.0,
            177.0,
            213.0,
            245.0,
            184.0,
            206.2,
            276.0,
            265.0,
            279.0,
            268.7
        ]
    },
    "white": {
        "x": [
            122.60000000000002,
            143.0,
            186.0,
            198.0,
            252.0,
            255.0,
            292.0,
            174.0,
            167.0,
            248.5,
            252.0
        ],
        "y": [
            237.39999999999998,
            184.9,
            207.0,
            187.0,
            205.10000000000002,
            230.0,
            256.0,
            266.0,
            266.0,
            267.0,
            276.0
        ]
    }
}