{
    "black": {
        "x": [
            297.20000000000005,
            341.0,
            276.0,
            307.0,
            312.0,
            239.0,
            198.79999999999995
        ],
        "y": [
            138.0,
            203.0,
            209.0,
            213.0,
            278.0,
            241.0,
            270.0
        ]
    },
    "white": {
        "x": [
            380.0,
            323.0,
            303.0,
            296.0,
            242.0,
            238.7,
            158.2
        ],
        "y": [
            182.0,
            226.0,
            171.0,
            202.0,
            245.0,
            184.5,
            228.10000000000002
        ]
    }
}