{
    "white": {
        "x": [
            110.0,
            153.0,
            114.0,
            146.0,
            272.0,
            246.0,
            303.0,
            179.0,
            154.29999999999995,
            270.0,
            212.79999999999995
        ],
        "y": [
            261.0,
            164.39999999999998,
            183.5,
            208.0,
            210.0,
            225.0,
            264.2,
            263.8,
            275.0,
            288.0,
            304.0
        ]
    },
    "black": {
        "x": [
            321.4,
            265.4,
            278.9,
            251.0,
            140.0,
            151.39999999999998,
            74.0,
            216.0,
            266.0,
            150.0,
            156.60000000000002
        ],
        "y": [
            239.0,
            202.5,
            184.3,
            211.0,
            230.39999999999998,
            201.0,
            212.10000000000002,
            286.0,
            278.0,
            273.6,
            263.0
        ]
    }
}