{
    "white": {
        "x": [
            129.60000000000002,
            144.0,
            142.0,
            169.0,
            249.0,
            252.0,
            298.9,
            183.0,
            185.0,
            246.70000000000005,
            261.0
        ],
        "y": [
            228.2,
            203.0,
            204.0,
            194.9,
            203.2,
            220.0,
            217.0,
            254.39999999999998,
            266.7,
            271.0,
            280.1
        ]
    },
    "black": {
        "x": [
            157.0,
            181.60000000000002,
            189.29999999999995,
            181.79999999999995,
            261.79999999999995,
            213.0,
            281.0,
            173.79999999999995,
            172.10000000000002,
            213.5,
            207.39999999999998
        ],
        "y": [
            211.89999999999998,
            186.0,
            196.6,
            208.0,
            220.0,
            241.0,
            295.8,
            253.7,
            267.1,
            287.2,
            298.9
        ]
    }
}