{
    "black": {
        "x": [
            313.0,
            245.39999999999998,
            298.9,
            245.0,
            157.8,
            175.0,
            101.39999999999998,
            233.0,
            264.0,
            101.0,
            168.89999999999998
        ],
        "y": [
            257.5,
            224.7,
            205.39999999999998,
            207.5,
            218.2,
            199.0,
            204.0,
            276.0,
            263.0,
            255.0,
            249.0
        ]
    },
    "white": {
        "x": [
            305.5999999999999,
            213.0,
            213.0,
            237.0999999999999,
            154.0,
            168.9000000000001,
            110.90000000000009,
            297.0,
            289.29999999999995,
            172.5999999999999,
            182.9000000000001
        ],
        "y": [
            91.0,
            143.0,
            133.3,
            169.2,
            276.5,
            246.2,
            334.8,
            193.8,
            165.6,
            372.2,
            346.0
        ]
    }
}