{
    "black": {
        "x": [
            162.0,
            227.0,
            236.8,
            249.0,
            305.0,
            324.0,
            376.0
        ],
        "y": [
            233.0,
            202.0,
            257.0,
            228.0,
            158.0,
            245.0,
            197.0
        ]
    },
    "white": {
        "x": [
            215.0,
            277.29999999999995,
            247.0,
            280.0,
            319.0,
            276.0,
            324.0
        ],
        "y": [
            164.0,
            174.0,
            222.0,
            205.10000000000002,
            185.0,
            251.0,
            240.0
        ]
    }
}