{
    "black": {
        "x": [
            254.0,
            206.0,
            270.0,
            233.0,
            165.29999999999995,
            228.79999999999995,
            148.0,
            208.0,
            263.0,
            168.0,
            223.0
        ],
        "y": [
            266.6,
            216.0,
            211.0,
            203.10000000000002,
            201.10000000000002,
            163.8,
            222.0,
            279.0,
            271.0,
            257.6,
            238.39999999999998
        ]
    },
    "white": {
        "x": [
            281.20000000000005,
            197.0,
            206.0,
            187.5,
            155.0,
            190.0,
            134.10000000000002,
            257.0,
            277.0,
            203.0,
            259.0
        ],
        "y": [
            124.6,
            159.0,
            123.0,
            187.10000000000002,
            306.1,
            284.0,
            338.3,
            231.0,
            210.0,
            347.4,
            340.0
        ]
    }
}