{
    "black": {
        "x": [
            304.9,
            227.0,
            282.3,
            244.9,
            160.7,
            205.4,
            118.2,
            211.7,
            248.9,
            134.8,
            206.6
        ],
        "y": [
            301.7,
            221.89999999999998,
            200.39999999999998,
            253.89999999999998,
            239.2,
            176.89999999999998,
            197.0,
            284.7,
            257.5,
            257.5,
            226.39999999999998
        ]
    },
    "white": {
        "x": [
            151.89999999999998,
            142.70000000000005,
            200.89999999999998,
            186.5,
            192.39999999999998,
            240.39999999999998,
            274.20000000000005,
            171.10000000000002,
            196.20000000000005,
            227.5,
            232.39999999999998
        ],
        "y": [
            273.8,
            190.89999999999998,
            199.0,
            233.8,
            185.5,
            209.2,
            227.8,
            283.5,
            283.5,
            279.9,
            279.9
        ]
    }
}