{
    "white": {
        "x": [
            147.10000000000002,
            184.0,
            142.60000000000002,
            179.0,
            266.5,
            226.20000000000005,
            282.4,
            200.0,
            168.60000000000002,
            273.6,
            227.20000000000005
        ],
        "y": [
            238.2,
            177.89999999999998,
            188.5,
            195.10000000000002,
            213.2,
            234.8,
            213.7,
            260.0,
            272.8,
            290.8,
            308.8
        ]
    },
    "black": {
        "x": [
            137.10000000000002,
            197.39999999999998,
            219.60000000000002,
            224.20000000000005,
            259.79999999999995,
            284.5,
            283.9000000000001,
            193.89999999999998,
            203.79999999999995,
            227.79999999999995,
            266.70000000000005
        ],
        "y": [
            240.0,
            182.10000000000002,
            227.2,
            209.39999999999998,
            192.10000000000002,
            246.39999999999998,
            246.7,
            278.3,
            286.8,
            256.0,
            270.1
        ]
    }
}