{
    "black": {
        "x": [
            285.2,
            219.7,
            276.1,
            238.8,
            148.10000000000002,
            181.39999999999998,
            138.0,
            233.8,
            252.89999999999998,
            155.10000000000002,
            188.39999999999998
        ],
        "y": [
            272.1,
            214.89999999999998,
            209.60000000000002,
            192.5,
            223.7,
            163.2,
            204.10000000000002,
            277.2,
            275.1,
            258.0,
            258.0
        ]
    },
    "white": {
        "x": [
            124.29999999999995,
            173.60000000000002,
            176.60000000000002,
            203.89999999999998,
            294.5999999999999,
            265.29999999999995,
            315.20000000000005,
            203.0,
            220.0,
            235.0999999999999,
            266.4000000000001
        ],
        "y": [
            217.39999999999998,
            170.0,
            205.3,
            186.10000000000002,
            196.2,
            257.7,
            257.7,
            269.8,
            225.39999999999998,
            288.9,
            260.7
        ]
    }
}