{
    "black": {
        "x": [
            216.20000000000005,
            268.0,
            223.39999999999998,
            259.0,
            322.0,
            255.79999999999995,
            318.0
        ],
        "y": [
            143.0,
            163.0,
            202.10000000000002,
            199.0,
            205.7,
            262.0,
            272.0
        ]
    },
    "white": {
        "x": [
            366.1,
            346.0,
            339.0,
            319.4,
            246.0,
            241.0,
            173.0
        ],
        "y": [
            206.0,
            229.0,
            172.0,
            202.1,
            245.0,
            171.0,
            203.0
        ]
    }
}