{
    "black": {
        "x": [
            67.0,
            140.0,
            142.0,
            159.5,
            315.0,
            283.0,
            364.0,
            142.0,
            167.0,
            280.0,
            307.4
        ],
        "y": [
            229.0,
            173.0,
            210.8,
            202.8,
            207.0,
            250.0,
            237.0,
            252.7,
            273.0,
            283.0,
            303.0
        ]
    },
    "white": {
        "x": [
            279.0,
            203.0,
            191.0,
            237.60000000000002,
            191.2,
            158.89999999999998,
            123.0,
            275.0,
            258.0,
            225.0,
            215.0
        ],
        "y": [
            159.1,
            188.2,
            134.0,
            211.0,
            337.0,
            311.0,
            335.7,
            247.0,
            235.0,
            328.6,
            321.0
        ]
    }
}