{
    "black": {
        "x": [
            218.4,
            188.8,
            188.2,
            211.0,
            207.1,
            196.4,
            232.5,
            260.0,
            244.7,
            241.6,
            203.9
        ],
        "y": [
            203.39999999999998,
            188.3,
            186.7,
            194.5,
            218.89999999999998,
            256.3,
            282.1,
            259.3,
            272.2,
            265.3,
            274.6
        ]
    },
    "white": {
        "x": [
            267.7,
            267.6,
            239.7,
            237.60000000000002,
            194.4,
            143.7,
            148.0,
            240.39999999999998,
            230.0,
            210.60000000000002,
            177.2
        ],
        "y": [
            263.6,
            211.5,
            187.8,
            210.39999999999998,
            246.60000000000002,
            217.7,
            251.5,
            278.3,
            268.8,
            295.5,
            297.9
        ]
    }
}