{
    "black": {
        "x": [
            137.3,
            202.0,
            199.7,
            220.0,
            311.0,
            308.0,
            402.0
        ],
        "y": [
            200.0,
            192.0,
            245.0,
            218.3,
            162.0,
            253.79999999999995,
            204.3
        ]
    },
    "white": {
        "x": [
            348.4,
            293.0,
            298.79999999999995,
            277.2,
            244.39999999999998,
            201.89999999999998,
            190.7
        ],
        "y": [
            202.0,
            210.0,
            160.0,
            185.60000000000002,
            238.10000000000002,
            184.5,
            256.0
        ]
    }
}