{
    "black": {
        "x": [
            169.0,
            228.0,
            189.10000000000002,
            226.0,
            312.0,
            273.0,
            369.0
        ],
        "y": [
            143.0,
            148.0,
            196.0,
            178.89999999999998,
            194.0,
            273.0,
            243.10000000000002
        ]
    },
    "white": {
        "x": [
            343.0,
            301.0,
            297.5,
            276.0,
            263.0,
            204.0,
            196.0
        ],
        "y": [
            183.0,
            199.0,
            143.2,
            172.0,
            244.0,
            223.0,
            273.0
        ]
    }
}