{
    "black": {
        "x": [
            364.0,
            321.70000000000005,
            296.9,
            298.0,
            233.60000000000002,
            237.0,
            174.0
        ],
        "y": [
            178.0,
            220.0,
            168.0,
            207.8,
            248.0,
            172.39999999999998,
            195.0
        ]
    },
    "white": {
        "x": [
            328.0,
            272.0,
            290.0,
            264.0,
            245.0,
            240.0,
            210.0
        ],
        "y": [
            212.0,
            226.1,
            169.1,
            195.1,
            249.8,
            167.0,
            228.0
        ]
    }
}