{
    "black": {
        "x": [
            191.0,
            157.0,
            179.0,
            173.0,
            206.0,
            225.29999999999995,
            222.0,
            198.0,
            197.10000000000002,
            224.0,
            227.29999999999995
        ],
        "y": [
            242.60000000000002,
            216.0,
            195.2,
            200.0,
            210.3,
            178.10000000000002,
            171.0,
            285.0,
            281.0,
            278.0,
            274.9
        ]
    },
    "white": {
        "x": [
            138.0,
            202.0,
            183.0,
            199.0,
            218.79999999999995,
            250.0,
            277.29999999999995,
            180.0,
            171.0,
            255.0,
            259.0
        ],
        "y": [
            197.0,
            175.10000000000002,
            179.10000000000002,
            203.0,
            254.0,
            226.0,
            285.0,
            248.7,
            244.0,
            286.0,
            301.0
        ]
    }
}