{
    "black": {
        "x": [
            135.5,
            160.89999999999998,
            140.39999999999998,
            163.0,
            258.5999999999999,
            224.4000000000001,
            276.4000000000001,
            186.79999999999995,
            188.0999999999999,
            231.0999999999999,
            231.70000000000005
        ],
        "y": [
            221.10000000000002,
            183.2,
            193.39999999999998,
            197.3,
            219.10000000000002,
            229.7,
            263.4,
            265.5,
            285.2,
            278.1,
            291.2
        ]
    },
    "white": {
        "x": [
            222.10000000000002,
            205.8,
            250.60000000000002,
            223.39999999999998,
            163.4,
            234.89999999999998,
            161.3,
            207.7,
            243.89999999999998,
            182.0,
            224.2
        ],
        "y": [
            261.0,
            210.60000000000002,
            214.0,
            203.2,
            220.89999999999998,
            181.60000000000002,
            233.5,
            288.4,
            283.5,
            263.7,
            263.9
        ]
    }
}