{
    "white": {
        "x": [
            259.8,
            293.0,
            224.0,
            229.3,
            219.5,
            162.0,
            166.0,
            282.1,
            229.3,
            232.6,
            173.0
        ],
        "y": [
            168.2,
            152.3,
            140.5,
            181.5,
            265.5,
            262.7,
            321.6,
            249.10000000000002,
            231.0,
            308.9,
            293.4
        ]
    },
    "black": {
        "x": [
            138.0,
            160.89999999999998,
            159.20000000000005,
            187.20000000000005,
            230.70000000000005,
            243.0,
            283.79999999999995,
            147.60000000000002,
            163.29999999999995,
            204.60000000000002,
            210.29999999999995
        ],
        "y": [
            239.3,
            172.2,
            187.0,
            191.9,
            274.7,
            274.0,
            293.6,
            246.89999999999998,
            252.0,
            299.0,
            302.8
        ]
    }
}