{
    "black": {
        "x": [
            374.9,
            304.70000000000005,
            301.20000000000005,
            296.0,
            211.0,
            217.0,
            165.5
        ],
        "y": [
            208.0,
            252.0,
            171.7,
            210.0,
            245.0,
            164.0,
            176.0
        ]
    },
    "white": {
        "x": [
            297.0,
            310.0,
            250.0,
            278.0,
            285.79999999999995,
            229.29999999999995,
            244.39999999999998
        ],
        "y": [
            136.0,
            211.0,
            191.0,
            212.0,
            270.0,
            221.0,
            279.5
        ]
    }
}