{
    "black": {
        "x": [
            377.5,
            316.9,
            336.2,
            312.0,
            225.5,
            212.4,
            162.5
        ],
        "y": [
            229.9,
            245.2,
            184.5,
            206.0,
            245.0,
            170.0,
            208.4
        ]
    },
    "white": {
        "x": [
            355.0,
            283.0,
            329.4,
            296.5,
            192.0,
            248.5,
            193.0
        ],
        "y": [
            282.5,
            251.60000000000002,
            209.8,
            221.39999999999998,
            199.5,
            163.0,
            139.7
        ]
    }
}