{
    "black": {
        "x": [
            278.0,
            229.6,
            255.9,
            230.0,
            168.0,
            168.2,
            163.0,
            205.5,
            226.6,
            163.1,
            178.2
        ],
        "y": [
            228.5,
            211.39999999999998,
            208.39999999999998,
            196.3,
            186.2,
            214.0,
            156.0,
            281.9,
            269.9,
            266.0,
            250.7
        ]
    },
    "white": {
        "x": [
            140.0,
            155.10000000000002,
            153.10000000000002,
            163.2,
            232.0,
            230.0,
            291.2,
            178.0,
            177.3,
            248.0,
            273.1
        ],
        "y": [
            263.6,
            216.0,
            206.2,
            211.2,
            211.0,
            197.10000000000002,
            202.10000000000002,
            271.7,
            236.39999999999998,
            253.60000000000002,
            251.5
        ]
    }
}