{
    "black": {
        "x": [
            197.60000000000002,
            227.0,
            260.0,
            257.0,
            287.70000000000005,
            341.0,
            333.0
        ],
        "y": [
            269.9,
            215.0,
            264.0,
            228.0,
            175.5,
            239.0,
            146.0
        ]
    },
    "white": {
        "x": [
            366.0,
            325.0,
            327.70000000000005,
            301.0,
            240.70000000000005,
            228.0,
            172.70000000000005
        ],
        "y": [
            214.0,
            234.0,
            185.89999999999998,
            211.0,
            233.60000000000002,
            181.5,
            213.0
        ]
    }
}