{
    "white": {
        "x": [
            203.0,
            184.0,
            238.89999999999998,
            219.0,
            187.0,
            237.79999999999995,
            171.0,
            156.0,
            231.0,
            181.39999999999998,
            243.0
        ],
        "y": [
            214.0,
            177.0,
            172.7,
            210.0,
            270.0,
            273.5,
            269.0,
            257.4,
            253.0,
            313.9,
            300.0
        ]
    },
    "black": {
        "x": [
            119.60000000000002,
            137.0,
            169.0,
            174.0,
            226.0,
            255.0,
            302.0,
            179.0,
            185.0,
            241.0,
            248.0
        ],
        "y": [
            258.0,
            207.0,
            224.0,
            199.10000000000002,
            189.0,
            228.0,
            247.0,
            270.0,
            281.0,
            272.0,
            270.0
        ]
    }
}