{
    "black": {
        "x": [
            145.79999999999995,
            158.0,
            206.29999999999995,
            199.0,
            233.39999999999998,
            260.70000000000005,
            268.5,
            202.0,
            204.0,
            238.0,
            236.0
        ],
        "y": [
            270.0,
            185.0,
            196.0,
            196.0,
            258.0,
            213.0,
            237.0,
            293.2,
            266.3,
            275.0,
            282.8
        ]
    },
    "white": {
        "x": [
            346.0,
            264.0,
            283.0,
            251.0,
            149.20000000000005,
            159.20000000000005,
            83.0,
            196.0,
            238.0,
            140.0,
            147.0
        ],
        "y": [
            273.0,
            231.60000000000002,
            196.0,
            221.60000000000002,
            235.0,
            191.3,
            208.5,
            271.0,
            260.5,
            260.0,
            256.4
        ]
    }
}