{
    "black": {
        "x": [
            57.0,
            114.10000000000002,
            104.0,
            135.60000000000002,
            273.0,
            264.0,
            324.4,
            124.60000000000002,
            120.0,
            261.1,
            259.4
        ],
        "y": [
            268.5,
            206.39999999999998,
            221.2,
            220.10000000000002,
            210.0,
            251.0,
            246.5,
            277.0,
            289.6,
            291.5,
            301.2
        ]
    },
    "white": {
        "x": [
            321.20000000000005,
            248.20000000000005,
            240.0,
            234.0,
            147.0,
            154.0,
            100.39999999999998,
            249.0,
            236.89999999999998,
            133.0,
            146.39999999999998
        ],
        "y": [
            228.60000000000002,
            203.89999999999998,
            166.0,
            203.89999999999998,
            239.0,
            212.3,
            236.5,
            304.2,
            288.1,
            296.0,
            291.1
        ]
    }
}