{
    "black": {
        "x": [
            225.1,
            181.1,
            199.0,
            198.0,
            247.0,
            237.0,
            232.2,
            198.4,
            225.0,
            191.9,
            214.0
        ],
        "y": [
            237.5,
            206.3,
            196.2,
            207.0,
            227.39999999999998,
            231.89999999999998,
            241.39999999999998,
            244.0,
            260.7,
            256.9,
            257.0
        ]
    },
    "white": {
        "x": [
            114.9,
            151.4,
            140.0,
            159.2,
            236.10000000000002,
            264.3,
            317.0,
            170.0,
            161.0,
            242.10000000000002,
            223.0
        ],
        "y": [
            263.0,
            193.0,
            218.7,
            242.89999999999998,
            249.0,
            212.60000000000002,
            275.7,
            270.0,
            286.8,
            300.0,
            275.1
        ]
    }
}