{
    "black": {
        "x": [
            127.20000000000005,
            174.10000000000002,
            218.89999999999998,
            192.70000000000005,
            241.20000000000005,
            281.70000000000005,
            280.5999999999999,
            190.5,
            215.0,
            260.4000000000001,
            271.0
        ],
        "y": [
            255.5,
            200.0,
            218.10000000000002,
            216.10000000000002,
            184.0,
            213.0,
            199.0,
            284.3,
            292.0,
            257.6,
            256.0
        ]
    },
    "white": {
        "x": [
            56.700000000000045,
            128.10000000000002,
            107.5,
            135.20000000000005,
            286.20000000000005,
            270.0,
            356.79999999999995,
            152.39999999999998,
            182.70000000000005,
            296.70000000000005,
            296.0
        ],
        "y": [
            284.2,
            174.3,
            192.10000000000002,
            209.3,
            174.3,
            204.2,
            213.0,
            269.0,
            288.6,
            259.4,
            268.0
        ]
    }
}