{
    "white": {
        "x": [
            139.0,
            143.0,
            161.0,
            179.0,
            265.0,
            271.0,
            320.1,
            183.0,
            184.0,
            264.0,
            262.0
        ],
        "y": [
            229.0,
            199.0,
            202.0,
            207.0,
            237.0,
            229.5,
            272.0,
            288.0,
            287.0,
            289.0,
            292.0
        ]
    },
    "black": {
        "x": [
            343.0,
            299.1,
            287.0,
            267.20000000000005,
            156.39999999999998,
            110.0,
            65.60000000000002,
            273.9,
            274.1,
            182.20000000000005,
            190.89999999999998
        ],
        "y": [
            253.0,
            201.0,
            162.0,
            180.5,
            208.0,
            246.0,
            272.2,
            290.1,
            285.8,
            297.6,
            287.0
        ]
    }
}