{
    "black": {
        "x": [
            164.3,
            211.0,
            230.2,
            235.0,
            311.4,
            315.5,
            374.0
        ],
        "y": [
            234.0,
            178.7,
            238.5,
            204.0,
            161.0,
            254.60000000000002,
            211.0
        ]
    },
    "white": {
        "x": [
            302.0,
            319.4,
            262.0,
            290.0,
            284.6,
            225.0,
            219.20000000000005
        ],
        "y": [
            142.5,
            189.0,
            166.89999999999998,
            190.3,
            271.0,
            240.3,
            273.0
        ]
    }
}