{
    "black": {
        "x": [
            330.5,
            264.70000000000005,
            274.0,
            269.0,
            147.60000000000002,
            143.10000000000002,
            99.0,
            246.39999999999998,
            232.0,
            134.0,
            125.20000000000005
        ],
        "y": [
            267.9,
            243.0,
            239.0,
            223.0,
            206.2,
            228.5,
            232.5,
            263.9,
            275.7,
            265.9,
            275.0
        ]
    },
    "white": {
        "x": [
            57.19999999999999,
            148.2,
            131.2,
            149.5,
            307.4,
            294.3,
            359.7,
            161.39999999999998,
            164.7,
            307.1,
            380.0
        ],
        "y": [
            235.0,
            174.7,
            189.60000000000002,
            193.89999999999998,
            198.89999999999998,
            242.5,
            223.8,
            273.8,
            275.0,
            291.1,
            294.0
        ]
    }
}