{
    "black": {
        "x": [
            155.5,
            215.9000000000001,
            189.79999999999995,
            228.0,
            148.0,
            169.70000000000005,
            189.79999999999995,
            165.20000000000005,
            254.29999999999995,
            153.60000000000002,
            169.70000000000005
        ],
        "y": [
            225.89999999999998,
            202.60000000000002,
            189.5,
            228.89999999999998,
            212.7,
            197.60000000000002,
            228.89999999999998,
            283.6,
            307.9,
            286.0,
            287.6
        ]
    },
    "white": {
        "x": [
            247.7,
            191.0,
            277.8,
            218.0,
            137.5,
            211.0,
            145.9,
            211.2,
            272.0,
            157.6,
            199.1
        ],
        "y": [
            288.7,
            198.89999999999998,
            184.39999999999998,
            236.0,
            234.0,
            207.7,
            213.8,
            286.6,
            287.1,
            286.6,
            285.6
        ]
    }
}