{
    "white": {
        "x": [
            148.7,
            149.0,
            209.20000000000005,
            191.10000000000002,
            227.39999999999998,
            243.20000000000005,
            285.20000000000005,
            194.39999999999998,
            177.0,
            253.89999999999998,
            242.5
        ],
        "y": [
            238.10000000000002,
            213.10000000000002,
            224.2,
            210.0,
            200.0,
            210.4,
            233.89999999999998,
            250.39999999999998,
            243.3,
            265.5,
            255.39999999999998
        ]
    },
    "black": {
        "x": [
            361.5,
            280.0,
            290.0,
            254.0,
            112.60000000000002,
            112.60000000000002,
            60.30000000000001,
            252.20000000000005,
            279.9,
            95.39999999999998,
            121.60000000000002
        ],
        "y": [
            237.0,
            208.60000000000002,
            172.3,
            188.5,
            235.89999999999998,
            182.39999999999998,
            197.60000000000002,
            294.3,
            277.2,
            284.0,
            281.2
        ]
    }
}