{
    "white": {
        "x": [
            243.5,
            229.0,
            207.0,
            185.0,
            229.0,
            182.0,
            214.0,
            241.0,
            217.0,
            220.0,
            245.0
        ],
        "y": [
            123.0,
            140.0,
            146.2,
            163.3,
            232.89999999999998,
            243.0,
            297.0,
            225.0,
            201.60000000000002,
            261.6,
            310.0
        ]
    },
    "black": {
        "x": [
            114.5,
            121.60000000000002,
            142.70000000000005,
            163.0,
            236.5,
            233.0,
            290.0,
            157.0,
            175.0,
            196.0,
            247.60000000000002
        ],
        "y": [
            216.39999999999998,
            178.0,
            197.3,
            200.0,
            237.89999999999998,
            220.0,
            272.0,
            242.0,
            270.0,
            274.0,
            281.0
        ]
    }
}