{
    "black": {
        "x": [
            299.0,
            253.0,
            320.0,
            282.0,
            218.29999999999995,
            287.6,
            270.9
        ],
        "y": [
            313.20000000000005,
            250.0,
            239.39999999999998,
            234.89999999999998,
            182.39999999999998,
            157.8,
            120.89999999999998
        ]
    },
    "white": {
        "x": [
            207.5,
            233.0,
            270.0,
            263.0,
            274.6,
            332.70000000000005,
            318.20000000000005
        ],
        "y": [
            292.0,
            222.0,
            250.89999999999998,
            226.0,
            160.0,
            190.60000000000002,
            123.5
        ]
    }
}