{
    "white": {
        "x": [
            205.89999999999998,
            237.60000000000002,
            179.9,
            208.0,
            236.0,
            181.0,
            189.0,
            255.0,
            179.5,
            242.3,
            166.4
        ],
        "y": [
            93.0,
            127.1,
            135.0,
            145.9,
            277.2,
            272.2,
            354.7,
            165.0,
            173.0,
            337.0,
            340.1
        ]
    },
    "black": {
        "x": [
            259.0,
            231.8,
            301.2,
            217.39999999999998,
            155.0,
            189.10000000000002,
            127.9,
            228.0,
            280.9,
            163.2,
            204.7
        ],
        "y": [
            213.0,
            164.0,
            169.7,
            203.89999999999998,
            222.0,
            213.89999999999998,
            253.89999999999998,
            286.4,
            290.0,
            290.4,
            290.3
        ]
    }
}