{
    "black": {
        "x": [
            357.79999999999995,
            302.0,
            308.0,
            292.0,
            219.0,
            271.0,
            182.0
        ],
        "y": [
            236.3,
            267.5,
            191.5,
            224.0,
            213.39999999999998,
            148.0,
            148.8
        ]
    },
    "white": {
        "x": [
            226.0,
            285.0,
            277.1,
            295.9,
            305.70000000000005,
            297.79999999999995,
            313.5
        ],
        "y": [
            190.5,
            176.7,
            234.0,
            211.5,
            184.0,
            240.8,
            202.0
        ]
    }
}