{
    "black": {
        "x": [
            155.2,
            201.4,
            203.8,
            214.0,
            251.0,
            227.9,
            252.0,
            177.1,
            147.8,
            200.0,
            158.3
        ],
        "y": [
            106.4,
            157.0,
            166.1,
            178.8,
            281.0,
            312.1,
            359.0,
            185.0,
            175.0,
            301.9,
            298.0
        ]
    },
    "white": {
        "x": [
            305.0,
            208.70000000000005,
            241.0999999999999,
            217.79999999999995,
            136.0,
            168.20000000000005,
            110.60000000000002,
            220.0,
            283.70000000000005,
            151.89999999999998,
            204.70000000000005
        ],
        "y": [
            207.89999999999998,
            200.3,
            177.39999999999998,
            202.0,
            230.8,
            192.60000000000002,
            247.0,
            298.0,
            278.8,
            270.6,
            258.0
        ]
    }
}