{
    "black": {
        "x": [
            269.0,
            227.0,
            215.0,
            208.0,
            208.0,
            155.0,
            211.0,
            246.8,
            218.60000000000002,
            243.0,
            200.5
        ],
        "y": [
            194.3,
            196.0,
            187.0,
            206.0,
            224.0,
            255.0,
            279.0,
            242.0,
            228.5,
            270.9,
            274.0
        ]
    },
    "white": {
        "x": [
            274.0,
            235.0,
            201.70000000000005,
            210.0,
            220.0,
            159.0,
            189.0,
            272.20000000000005,
            163.0,
            226.89999999999998,
            155.29999999999995
        ],
        "y": [
            196.7,
            164.0,
            137.2,
            169.5,
            236.0,
            246.0,
            292.0,
            247.0,
            193.7,
            286.0,
            300.0
        ]
    }
}