{
    "black": {
        "x": [
            298.6,
            248.0,
            252.20000000000005,
            242.0,
            243.0,
            166.60000000000002,
            128.0,
            278.0,
            269.4,
            232.10000000000002,
            235.0
        ],
        "y": [
            161.2,
            152.0,
            156.2,
            174.3,
            202.0,
            169.3,
            205.60000000000002,
            244.89999999999998,
            270.1,
            292.0,
            300.0
        ]
    },
    "white": {
        "x": [
            232.0,
            234.0,
            239.7,
            213.5,
            253.9,
            221.0,
            247.0,
            239.0,
            262.9,
            240.0,
            193.0
        ],
        "y": [
            171.10000000000002,
            182.0,
            179.10000000000002,
            203.3,
            230.0,
            250.0,
            265.0,
            267.9,
            236.0,
            297.0,
            308.0
        ]
    }
}