{
    "black": {
        "x": [
            166.60000000000002,
            155.79999999999995,
            205.29999999999995,
            189.0,
            207.60000000000002,
            225.79999999999995,
            243.0,
            169.10000000000002,
            196.29999999999995,
            203.29999999999995,
            222.60000000000002
        ],
        "y": [
            247.3,
            185.8,
            186.9,
            216.0,
            222.60000000000002,
            231.60000000000002,
            267.7,
            260.0,
            258.0,
            290.2,
            286.2
        ]
    },
    "white": {
        "x": [
            119.0,
            207.2,
            165.0,
            168.4,
            266.0,
            245.6,
            304.7,
            164.4,
            99.0,
            254.0,
            216.8
        ],
        "y": [
            135.0,
            166.2,
            169.7,
            199.0,
            263.7,
            268.3,
            327.5,
            303.0,
            197.39999999999998,
            334.1,
            338.1
        ]
    }
}