{
    "black": {
        "x": [
            326.0,
            265.0,
            304.5,
            269.0,
            212.0,
            282.0,
            235.0
        ],
        "y": [
            303.0,
            286.0,
            257.0,
            248.0,
            179.0,
            162.0,
            113.0
        ]
    },
    "white": {
        "x": [
            226.0,
            268.0,
            289.20000000000005,
            290.4,
            225.39999999999998,
            314.1,
            250.0
        ],
        "y": [
            235.0,
            192.7,
            257.5,
            217.2,
            186.0,
            202.0,
            159.0
        ]
    }
}