{
    "black": {
        "x": [
            144.0,
            141.0,
            192.0,
            180.0,
            212.29999999999995,
            252.0,
            287.0,
            148.70000000000005,
            192.10000000000002,
            190.60000000000002,
            222.39999999999998
        ],
        "y": [
            260.6,
            207.89999999999998,
            222.0,
            211.2,
            221.0,
            256.3,
            269.0,
            273.7,
            275.0,
            270.0,
            274.7
        ]
    },
    "white": {
        "x": [
            334.0,
            284.20000000000005,
            262.6,
            236.8,
            134.8,
            137.0,
            86.60000000000002,
            219.7,
            260.5,
            133.0,
            158.0
        ],
        "y": [
            207.0,
            200.0,
            181.0,
            205.5,
            257.0,
            225.89999999999998,
            247.39999999999998,
            295.8,
            272.0,
            287.8,
            266.0
        ]
    }
}