{
    "black": {
        "x": [
            194.0,
            235.0,
            254.0,
            252.0,
            291.29999999999995,
            323.29999999999995,
            345.0
        ],
        "y": [
            237.0,
            197.0,
            250.0,
            219.0,
            165.0,
            245.0,
            200.0
        ]
    },
    "white": {
        "x": [
            200.10000000000002,
            240.0,
            244.0,
            252.0,
            289.0,
            314.0,
            338.4
        ],
        "y": [
            222.0,
            188.0,
            250.0,
            219.0,
            165.0,
            234.0,
            184.0
        ]
    }
}