{
    "black": {
        "x": [
            178.20000000000005,
            194.39999999999998,
            163.89999999999998,
            189.29999999999995,
            268.79999999999995,
            209.5,
            263.1,
            221.60000000000002,
            194.39999999999998,
            258.5,
            212.5
        ],
        "y": [
            211.2,
            187.0,
            221.0,
            203.10000000000002,
            224.7,
            251.5,
            256.6,
            252.5,
            262.2,
            271.7,
            287.8
        ]
    },
    "white": {
        "x": [
            337.0,
            257.7,
            292.4,
            261.0,
            145.8,
            127.69999999999999,
            78.30000000000001,
            247.0,
            262.0,
            128.9,
            164.0
        ],
        "y": [
            279.0,
            220.0,
            195.39999999999998,
            241.8,
            236.7,
            219.0,
            236.7,
            272.6,
            262.9,
            281.0,
            273.0
        ]
    }
}