{
    "black": {
        "x": [
            211.0,
            247.0,
            205.0,
            236.5,
            321.70000000000005,
            287.0,
            334.4
        ],
        "y": [
            139.0,
            154.0,
            184.0,
            182.0,
            231.89999999999998,
            273.0,
            276.0
        ]
    },
    "white": {
        "x": [
            344.0,
            342.4,
            310.3,
            319.4,
            260.0,
            214.3,
            195.0
        ],
        "y": [
            152.0,
            191.0,
            173.0,
            191.0,
            264.0,
            197.0,
            246.0
        ]
    }
}