{
    "white": {
        "x": [
            76.0,
            180.89999999999998,
            144.2,
            179.39999999999998,
            285.20000000000005,
            276.20000000000005,
            348.70000000000005,
            174.89999999999998,
            157.5,
            269.70000000000005,
            262.70000000000005
        ],
        "y": [
            173.5,
            154.7,
            197.0,
            195.10000000000002,
            232.10000000000002,
            270.2,
            276.0,
            274.3,
            300.0,
            286.1,
            312.6
        ]
    },
    "black": {
        "x": [
            65.39999999999998,
            146.79999999999995,
            115.20000000000005,
            158.39999999999998,
            289.0,
            274.5,
            351.0,
            103.10000000000002,
            95.10000000000002,
            249.20000000000005,
            262.70000000000005
        ],
        "y": [
            212.60000000000002,
            134.4,
            151.5,
            168.0,
            246.7,
            276.8,
            297.5,
            265.8,
            309.9,
            316.7,
            336.7
        ]
    }
}