{
    "black": {
        "x": [
            154.89999999999998,
            216.0,
            188.8,
            209.0,
            335.0,
            299.0,
            385.0
        ],
        "y": [
            171.1,
            157.0,
            203.8,
            184.2,
            194.0,
            253.0,
            258.0
        ]
    },
    "white": {
        "x": [
            359.0,
            322.0,
            349.0,
            325.0,
            230.89999999999998,
            221.0,
            180.0
        ],
        "y": [
            243.0,
            220.9,
            185.0,
            197.0,
            226.0,
            172.0,
            200.0
        ]
    }
}