{
    "black": {
        "x": [
            275.0,
            251.0,
            294.0,
            258.70000000000005,
            147.0,
            193.0,
            144.0,
            217.0,
            247.0,
            173.0,
            194.0
        ],
        "y": [
            253.0,
            216.0,
            206.0,
            184.0,
            226.0,
            203.0,
            233.3,
            262.0,
            263.0,
            267.6,
            230.3
        ]
    },
    "white": {
        "x": [
            311.0,
            250.89999999999998,
            256.0,
            234.39999999999998,
            171.0,
            174.0,
            111.79999999999995,
            235.79999999999995,
            241.0,
            147.10000000000002,
            177.20000000000005
        ],
        "y": [
            246.0,
            215.10000000000002,
            182.0,
            203.0,
            238.0,
            218.0,
            239.0,
            290.0,
            267.5,
            280.4,
            270.0
        ]
    }
}