{
    "black": {
        "x": [
            115.0,
            156.0,
            146.0,
            171.10000000000002,
            251.70000000000005,
            245.0,
            309.20000000000005,
            175.10000000000002,
            177.0,
            281.0,
            278.0
        ],
        "y": [
            251.60000000000002,
            188.10000000000002,
            229.39999999999998,
            220.3,
            205.2,
            236.0,
            240.5,
            270.7,
            259.0,
            251.0,
            251.0
        ]
    },
    "white": {
        "x": [
            344.0,
            312.0,
            292.0,
            277.5,
            191.89999999999998,
            151.5,
            68.89999999999998,
            279.0,
            250.29999999999995,
            152.60000000000002,
            91.10000000000002
        ],
        "y": [
            242.0,
            196.60000000000002,
            173.39999999999998,
            198.60000000000002,
            231.0,
            190.0,
            245.0,
            263.1,
            250.0,
            291.4,
            288.3
        ]
    }
}