{
    "black": {
        "x": [
            332.70000000000005,
            324.0,
            291.0,
            299.0,
            296.0,
            225.0,
            206.0
        ],
        "y": [
            162.10000000000002,
            193.0,
            173.0,
            192.0,
            254.0,
            199.0,
            229.0
        ]
    },
    "white": {
        "x": [
            318.0,
            295.0,
            258.0,
            280.0,
            259.0,
            239.0,
            221.0
        ],
        "y": [
            180.0,
            223.0,
            180.0,
            209.0,
            235.0,
            183.0,
            224.0
        ]
    }
}