{
    "white": {
        "x": [
            205.0,
            162.0,
            183.0,
            178.0,
            187.0,
            191.0,
            173.0,
            246.0,
            250.39999999999998,
            216.2,
            269.0
        ],
        "y": [
            156.4,
            190.7,
            189.6,
            230.0,
            283.0,
            285.0,
            302.6,
            261.0,
            240.0,
            324.7,
            309.0
        ]
    },
    "black": {
        "x": [
            123.19999999999999,
            151.5,
            178.0,
            191.8,
            245.0,
            267.0,
            286.0,
            168.60000000000002,
            221.0,
            201.0,
            207.0
        ],
        "y": [
            104.0,
            142.0,
            146.0,
            180.0,
            302.3,
            276.1,
            357.0,
            213.6,
            254.0,
            341.6,
            327.5
        ]
    }
}