{
    "black": {
        "x": [
            104.4,
            170.0,
            141.7,
            163.0,
            239.5,
            201.2,
            305.0,
            159.0,
            162.0,
            241.0,
            239.0
        ],
        "y": [
            211.2,
            181.0,
            218.3,
            202.39999999999998,
            187.0,
            242.3,
            253.60000000000002,
            252.60000000000002,
            270.3,
            271.4,
            280.8
        ]
    },
    "white": {
        "x": [
            271.0,
            201.29999999999995,
            194.79999999999995,
            181.20000000000005,
            187.0,
            147.0,
            150.89999999999998,
            252.70000000000005,
            237.60000000000002,
            235.79999999999995,
            192.29999999999995
        ],
        "y": [
            181.7,
            188.0,
            157.5,
            191.0,
            245.2,
            248.2,
            314.7,
            224.1,
            220.0,
            297.0,
            295.6
        ]
    }
}