{
    "black": {
        "x": [
            375.0,
            332.0,
            328.9,
            311.70000000000005,
            259.0,
            212.0,
            163.0
        ],
        "y": [
            195.0,
            211.0,
            156.0,
            187.0,
            259.0,
            199.8,
            259.0
        ]
    },
    "white": {
        "x": [
            198.70000000000005,
            259.9,
            278.9,
            281.79999999999995,
            293.79999999999995,
            341.0,
            333.70000000000005
        ],
        "y": [
            250.0,
            214.0,
            269.5,
            228.0,
            172.0,
            216.89999999999998,
            147.0
        ]
    }
}