{
    "black": {
        "x": [
            223.70000000000005,
            193.39999999999998,
            195.5,
            205.5,
            168.29999999999995,
            167.20000000000005,
            211.70000000000005,
            180.39999999999998,
            211.60000000000002,
            176.29999999999995,
            168.29999999999995
        ],
        "y": [
            164.5,
            152.5,
            175.6,
            182.7,
            233.10000000000002,
            241.2,
            321.8,
            233.0,
            238.0,
            250.2,
            246.7
        ]
    },
    "white": {
        "x": [
            287.1,
            256.79999999999995,
            249.79999999999995,
            235.70000000000005,
            183.29999999999995,
            169.10000000000002,
            128.79999999999995,
            260.9,
            239.70000000000005,
            212.5,
            258.79999999999995
        ],
        "y": [
            240.60000000000002,
            199.0,
            213.0,
            221.39999999999998,
            239.5,
            236.5,
            253.7,
            271.0,
            270.8,
            274.8,
            271.0
        ]
    }
}