{
    "black": {
        "x": [
            343.0,
            281.0,
            340.0,
            300.0,
            229.29999999999995,
            284.0,
            195.70000000000005
        ],
        "y": [
            282.0,
            251.0,
            210.0,
            218.0,
            206.0,
            134.0,
            174.0
        ]
    },
    "white": {
        "x": [
            253.0,
            310.0,
            240.10000000000002,
            278.0,
            307.20000000000005,
            228.0,
            236.0
        ],
        "y": [
            162.0,
            200.0,
            225.0,
            221.0,
            239.0,
            230.0,
            254.0
        ]
    }
}