{
    "white": {
        "x": [
            261.4,
            247.8,
            196.4,
            199.9,
            213.0,
            158.1,
            189.3,
            245.0,
            193.0,
            229.0,
            168.0
        ],
        "y": [
            210.60000000000002,
            180.9,
            162.8,
            187.9,
            228.5,
            223.5,
            284.0,
            252.8,
            234.0,
            293.5,
            310.0
        ]
    },
    "black": {
        "x": [
            118.0,
            154.10000000000002,
            140.0,
            161.0,
            243.60000000000002,
            202.60000000000002,
            295.0,
            172.0,
            135.0,
            248.8,
            225.60000000000002
        ],
        "y": [
            230.60000000000002,
            182.89999999999998,
            213.7,
            197.3,
            172.10000000000002,
            221.8,
            251.8,
            263.9,
            280.0,
            270.9,
            288.0
        ]
    }
}