{
    "white": {
        "x": [
            306.0,
            255.4000000000001,
            254.0,
            239.0,
            174.39999999999998,
            173.60000000000002,
            122.20000000000005,
            247.0,
            267.0,
            196.0,
            190.0
        ],
        "y": [
            230.0,
            230.0,
            201.3,
            230.39999999999998,
            257.0,
            211.39999999999998,
            263.0,
            267.0,
            248.60000000000002,
            268.0,
            244.0
        ]
    },
    "black": {
        "x": [
            360.0,
            340.5,
            319.70000000000005,
            301.0,
            179.0,
            156.0,
            66.0,
            304.70000000000005,
            294.0,
            159.5,
            109.0
        ],
        "y": [
            185.7,
            219.0,
            171.0,
            217.0,
            237.60000000000002,
            184.0,
            231.0,
            286.0,
            246.2,
            291.2,
            273.0
        ]
    }
}