{
    "black": {
        "x": [
            259.70000000000005,
            307.0,
            239.0,
            272.0,
            305.0,
            231.0,
            250.29999999999995
        ],
        "y": [
            98.2,
            145.0,
            152.1,
            165.0,
            256.0,
            262.7,
            317.0
        ]
    },
    "white": {
        "x": [
            299.0,
            293.0,
            243.0,
            260.2,
            298.5,
            240.4,
            275.0
        ],
        "y": [
            152.2,
            207.0,
            187.0,
            213.0,
            242.89999999999998,
            241.5,
            263.0
        ]
    }
}