{
    "black": {
        "x": [
            242.0,
            299.5,
            231.29999999999995,
            267.79999999999995,
            308.4,
            232.0,
            253.70000000000005
        ],
        "y": [
            99.6,
            136.1,
            154.0,
            156.0,
            253.0,
            254.8,
            317.0
        ]
    },
    "white": {
        "x": [
            327.0,
            332.0,
            279.1,
            297.0,
            280.0,
            228.1,
            207.7
        ],
        "y": [
            163.0,
            193.5,
            156.0,
            186.0,
            260.7,
            197.1,
            233.0
        ]
    }
}