{
    "black": {
        "x": [
            166.89999999999998,
            213.0,
            186.0,
            212.0,
            296.0,
            319.0,
            372.0
        ],
        "y": [
            181.10000000000002,
            169.0,
            229.0,
            200.0,
            179.0,
            247.0,
            191.0
        ]
    },
    "white": {
        "x": [
            392.0,
            325.0,
            340.0,
            313.0,
            218.0,
            192.0,
            147.0
        ],
        "y": [
            232.0,
            228.0,
            176.0,
            198.0,
            239.0,
            183.0,
            217.0
        ]
    }
}