{
    "white": {
        "x": [
            187.0,
            196.0,
            250.5,
            212.2,
            225.3,
            205.2,
            258.6,
            216.0,
            218.0,
            235.0,
            263.6
        ],
        "y": [
            179.0,
            203.0,
            202.5,
            218.0,
            208.5,
            232.7,
            252.89999999999998,
            219.60000000000002,
            262.0,
            265.0,
            265.0
        ]
    },
    "black": {
        "x": [
            335.70000000000005,
            253.0,
            277.0,
            257.0,
            200.0,
            202.70000000000005,
            153.0,
            275.0,
            250.0,
            239.0,
            212.0
        ],
        "y": [
            189.0,
            153.0,
            158.0,
            173.2,
            210.5,
            212.5,
            297.0,
            249.8,
            255.0,
            248.8,
            222.60000000000002
        ]
    }
}