{
    "black": {
        "x": [
            135.29999999999995,
            155.29999999999995,
            172.5,
            194.0999999999999,
            282.5999999999999,
            259.0,
            312.20000000000005,
            186.0,
            158.0,
            271.9000000000001,
            227.0
        ],
        "y": [
            229.60000000000002,
            182.0,
            209.39999999999998,
            190.39999999999998,
            216.60000000000002,
            250.0,
            274.0,
            273.5,
            282.0,
            273.5,
            292.7
        ]
    },
    "white": {
        "x": [
            290.9,
            266.5,
            248.10000000000002,
            255.0,
            220.20000000000005,
            196.0,
            125.39999999999998,
            241.29999999999995,
            226.20000000000005,
            202.89999999999998,
            155.89999999999998
        ],
        "y": [
            233.5,
            211.0,
            189.10000000000002,
            247.0,
            248.0,
            230.10000000000002,
            275.2,
            259.0,
            269.8,
            283.0,
            278.8
        ]
    }
}