{
    "black": {
        "x": [
            281.0,
            296.2,
            243.0,
            273.2,
            315.0,
            224.0,
            263.0
        ],
        "y": [
            99.0,
            145.0,
            144.0,
            152.0,
            250.0,
            255.0,
            317.0
        ]
    },
    "white": {
        "x": [
            207.79999999999995,
            274.0,
            234.0,
            260.79999999999995,
            332.9,
            280.0,
            327.0
        ],
        "y": [
            141.0,
            150.0,
            196.0,
            177.0,
            212.0,
            257.0,
            275.0
        ]
    }
}