{
    "black": {
        "x": [
            254.9000000000001,
            209.0,
            257.70000000000005,
            224.0,
            162.70000000000005,
            212.5999999999999,
            170.70000000000005,
            191.0999999999999,
            230.70000000000005,
            169.0,
            213.5999999999999
        ],
        "y": [
            296.2,
            232.7,
            207.2,
            207.2,
            205.0,
            182.10000000000002,
            228.0,
            281.1,
            276.0,
            265.0,
            293.2
        ]
    },
    "white": {
        "x": [
            195.5,
            217.0,
            161.0,
            199.0,
            242.60000000000002,
            184.5,
            218.79999999999995,
            227.60000000000002,
            202.0,
            224.60000000000002,
            206.0
        ],
        "y": [
            159.60000000000002,
            146.0,
            163.10000000000002,
            171.60000000000002,
            284.0,
            289.5,
            315.0,
            219.0,
            220.0,
            307.2,
            303.7
        ]
    }
}