{
    "black": {
        "x": [
            167.0,
            193.8,
            153.0,
            189.6,
            241.0,
            215.0,
            262.4,
            196.0,
            159.0,
            247.0,
            231.0
        ],
        "y": [
            181.0,
            167.0,
            176.10000000000002,
            176.3,
            197.89999999999998,
            214.0,
            231.60000000000002,
            238.0,
            265.0,
            269.1,
            303.0
        ]
    },
    "white": {
        "x": [
            202.7,
            179.5,
            247.10000000000002,
            211.8,
            175.5,
            257.0,
            247.0,
            189.0,
            227.89999999999998,
            171.5,
            239.0
        ],
        "y": [
            160.0,
            143.8,
            151.9,
            193.2,
            265.8,
            259.8,
            298.1,
            236.0,
            240.60000000000002,
            314.2,
            317.5
        ]
    }
}