{
    "black": {
        "x": [
            220.0,
            275.0,
            220.89999999999998,
            252.79999999999995,
            319.0,
            254.0,
            299.5
        ],
        "y": [
            148.0,
            166.0,
            193.0,
            182.0,
            208.0,
            259.0,
            268.0
        ]
    },
    "white": {
        "x": [
            211.0,
            275.0,
            290.0,
            291.7,
            310.0,
            308.0,
            328.0
        ],
        "y": [
            229.0,
            175.0,
            226.0,
            198.0,
            172.0,
            244.0,
            241.0
        ]
    }
}