{
    "black": {
        "x": [
            259.0,
            232.0,
            291.29999999999995,
            262.0,
            226.0,
            312.5,
            270.70000000000005
        ],
        "y": [
            311.0,
            249.0,
            253.5,
            235.5,
            148.5,
            166.5,
            104.0
        ]
    },
    "white": {
        "x": [
            258.5,
            246.5,
            287.70000000000005,
            270.5,
            226.70000000000005,
            312.5,
            269.0
        ],
        "y": [
            292.5,
            262.0,
            263.5,
            256.5,
            181.60000000000002,
            180.60000000000002,
            124.0
        ]
    }
}