{
    "black": {
        "x": [
            271.0,
            272.7,
            322.1,
            294.6,
            216.60000000000002,
            303.4,
            247.39999999999998
        ],
        "y": [
            315.0,
            263.4,
            247.0,
            232.0,
            167.89999999999998,
            134.89999999999998,
            100.89999999999998
        ]
    },
    "white": {
        "x": [
            170.8,
            206.0,
            201.0,
            223.0,
            319.1,
            326.0,
            369.7
        ],
        "y": [
            208.7,
            191.0,
            243.0,
            221.0,
            172.39999999999998,
            244.0,
            210.0
        ]
    }
}