{
    "white": {
        "x": [
            218.60000000000002,
            234.0,
            177.0,
            210.39999999999998,
            234.0,
            163.0,
            182.0,
            253.0,
            190.0,
            249.0,
            177.0
        ],
        "y": [
            140.0,
            157.4,
            157.4,
            181.0,
            249.60000000000002,
            252.0,
            328.5,
            214.0,
            208.5,
            314.0,
            303.0
        ]
    },
    "black": {
        "x": [
            123.0,
            104.0,
            136.1,
            156.0,
            220.0,
            236.5,
            323.0,
            168.0,
            184.0,
            239.0,
            237.0
        ],
        "y": [
            293.0,
            180.0,
            195.0,
            189.10000000000002,
            162.0,
            191.5,
            256.1,
            276.9,
            283.0,
            270.4,
            280.0
        ]
    }
}