{
    "black": {
        "x": [
            275.0,
            237.0,
            286.6,
            259.4,
            232.0,
            306.0,
            298.0
        ],
        "y": [
            276.0,
            231.0,
            230.0,
            215.0,
            157.0,
            167.0,
            139.9
        ]
    },
    "white": {
        "x": [
            222.0,
            232.0,
            276.4,
            256.79999999999995,
            254.0,
            312.0,
            316.0
        ],
        "y": [
            264.0,
            217.0,
            234.0,
            212.0,
            152.89999999999998,
            199.0,
            155.0
        ]
    }
}