{
    "black": {
        "x": [
            227.0,
            194.0999999999999,
            250.0,
            226.0,
            262.5999999999999,
            229.0,
            200.0,
            216.29999999999995,
            184.0,
            212.0,
            167.89999999999998
        ],
        "y": [
            270.0,
            214.5,
            194.39999999999998,
            214.0,
            228.5,
            234.7,
            192.0,
            282.1,
            274.1,
            268.9,
            267.8
        ]
    },
    "white": {
        "x": [
            165.0,
            193.39999999999998,
            185.10000000000002,
            197.3,
            229.5,
            233.0,
            259.5,
            201.0,
            219.39999999999998,
            253.3,
            247.60000000000002
        ],
        "y": [
            251.5,
            209.10000000000002,
            203.10000000000002,
            204.3,
            230.3,
            199.0,
            221.0,
            261.0,
            268.0,
            249.0,
            265.3
        ]
    }
}