{
    "black": {
        "x": [
            183.0,
            209.0,
            233.0,
            243.0,
            298.0,
            330.0,
            356.0
        ],
        "y": [
            241.0,
            198.0,
            247.0,
            218.3,
            168.0,
            230.89999999999998,
            171.8
        ]
    },
    "white": {
        "x": [
            160.0,
            232.9,
            217.2,
            251.9,
            319.0,
            315.0,
            355.9
        ],
        "y": [
            175.39999999999998,
            158.0,
            219.0,
            202.0,
            192.0,
            257.0,
            208.0
        ]
    }
}