{
    "black": {
        "x": [
            132.5,
            134.0,
            138.89999999999998,
            153.70000000000005,
            263.5,
            223.5,
            277.5999999999999,
            183.9000000000001,
            190.20000000000005,
            199.5999999999999,
            230.79999999999995
        ],
        "y": [
            256.8,
            196.3,
            194.10000000000002,
            189.3,
            213.3,
            270.6,
            296.2,
            274.2,
            300.9,
            289.8,
            307.5
        ]
    },
    "white": {
        "x": [
            206.5,
            232.5,
            173.0,
            208.5,
            241.39999999999998,
            184.70000000000005,
            200.10000000000002,
            260.79999999999995,
            167.5,
            251.29999999999995,
            171.89999999999998
        ],
        "y": [
            65.4,
            99.6,
            97.6,
            121.2,
            236.3,
            236.0,
            332.2,
            162.3,
            156.4,
            349.8,
            345.8
        ]
    }
}