{
    "black": {
        "x": [
            136.7,
            153.3,
            159.6,
            165.5,
            208.60000000000002,
            228.89999999999998,
            301.2,
            227.8,
            194.39999999999998,
            244.89999999999998,
            227.2
        ],
        "y": [
            203.89999999999998,
            197.8,
            189.7,
            203.2,
            214.0,
            244.39999999999998,
            242.39999999999998,
            265.0,
            268.5,
            269.7,
            272.3
        ]
    },
    "white": {
        "x": [
            287.9,
            242.6,
            256.8,
            229.8,
            167.5,
            172.0,
            157.0,
            207.2,
            237.0,
            133.3,
            171.8
        ],
        "y": [
            233.7,
            212.2,
            192.89999999999998,
            197.5,
            212.8,
            187.89999999999998,
            213.3,
            299.3,
            282.5,
            273.5,
            249.39999999999998
        ]
    }
}