{
    "black": {
        "x": [
            83.0,
            122.0,
            160.7,
            156.0,
            234.0,
            270.0,
            329.79999999999995,
            150.7,
            163.89999999999998,
            240.10000000000002,
            265.9
        ],
        "y": [
            216.2,
            167.8,
            197.0,
            180.5,
            187.2,
            225.0,
            231.60000000000002,
            282.0,
            278.3,
            279.5,
            257.2
        ]
    },
    "white": {
        "x": [
            138.0,
            218.0,
            181.20000000000005,
            220.0,
            234.0,
            210.5,
            273.1,
            177.39999999999998,
            180.0,
            221.0,
            190.0
        ],
        "y": [
            175.0,
            141.0,
            168.0,
            181.0,
            269.9,
            261.0,
            319.6,
            237.7,
            271.0,
            278.6,
            308.8
        ]
    }
}