{
    "black": {
        "x": [
            199.0,
            199.7,
            248.4,
            230.0,
            254.0,
            316.0,
            339.0
        ],
        "y": [
            286.0,
            211.0,
            251.0,
            215.89999999999998,
            135.0,
            206.10000000000002,
            129.39999999999998
        ]
    },
    "white": {
        "x": [
            369.0,
            329.0,
            301.0,
            306.20000000000005,
            237.0,
            218.0,
            169.0
        ],
        "y": [
            163.89999999999998,
            217.89999999999998,
            168.0,
            194.0,
            252.0,
            181.2,
            240.7
        ]
    }
}