{
    "white": {
        "x": [
            120.0,
            148.0,
            147.0,
            177.0,
            245.7,
            254.0,
            304.0,
            171.3,
            203.6,
            235.0,
            263.1
        ],
        "y": [
            281.0,
            176.5,
            200.2,
            189.0,
            177.0,
            209.89999999999998,
            197.0,
            273.3,
            285.0,
            256.2,
            284.0
        ]
    },
    "black": {
        "x": [
            285.0,
            222.0,
            200.20000000000005,
            221.9000000000001,
            206.0999999999999,
            173.0,
            127.0,
            279.0,
            236.0,
            164.0,
            120.0
        ],
        "y": [
            42.1,
            81.2,
            64.0,
            109.6,
            289.0,
            283.3,
            333.0,
            130.0,
            122.0,
            415.6,
            409.0
        ]
    }
}