{
    "white": {
        "x": [
            136.0,
            183.4000000000001,
            216.0,
            219.70000000000005,
            293.0,
            205.5999999999999,
            255.5999999999999,
            170.0999999999999,
            165.20000000000005,
            255.0,
            197.79999999999995
        ],
        "y": [
            169.0,
            122.0,
            180.0,
            169.0,
            266.8,
            277.0,
            346.0,
            221.39999999999998,
            234.0,
            309.1,
            303.1
        ]
    },
    "black": {
        "x": [
            309.0,
            234.20000000000005,
            230.20000000000005,
            212.0,
            141.0,
            131.0,
            99.20000000000005,
            272.5,
            262.0,
            205.0,
            207.0
        ],
        "y": [
            182.2,
            183.0,
            159.0,
            182.0,
            261.9,
            237.7,
            290.8,
            274.1,
            254.0,
            316.3,
            297.2
        ]
    }
}