{
    "black": {
        "x": [
            303.70000000000005,
            239.0,
            286.0,
            251.10000000000002,
            158.29999999999995,
            188.29999999999995,
            110.89999999999998,
            252.0,
            282.20000000000005,
            176.10000000000002,
            221.70000000000005
        ],
        "y": [
            235.89999999999998,
            187.39999999999998,
            162.0,
            169.60000000000002,
            238.7,
            205.10000000000002,
            255.0,
            277.9,
            271.5,
            309.5,
            297.3
        ]
    },
    "white": {
        "x": [
            116.19999999999999,
            187.5,
            162.2,
            199.2,
            282.6,
            257.0,
            300.3,
            190.0,
            173.0,
            267.0,
            214.0
        ],
        "y": [
            167.5,
            137.7,
            140.0,
            164.2,
            244.89999999999998,
            243.0,
            317.8,
            237.5,
            244.89999999999998,
            325.8,
            320.0
        ]
    }
}