{
    "black": {
        "x": [
            92.5,
            145.10000000000002,
            152.20000000000005,
            169.10000000000002,
            289.0999999999999,
            299.9000000000001,
            338.5999999999999,
            145.70000000000005,
            184.0,
            256.5,
            292.0
        ],
        "y": [
            246.0,
            181.0,
            214.0,
            198.39999999999998,
            185.0,
            258.0,
            227.8,
            282.0,
            254.8,
            269.6,
            289.0
        ]
    },
    "white": {
        "x": [
            350.4,
            286.70000000000005,
            289.1,
            271.0,
            105.0,
            108.0,
            72.30000000000001,
            248.10000000000002,
            221.10000000000002,
            56.0,
            130.60000000000002
        ],
        "y": [
            255.0,
            239.0,
            189.0,
            218.5,
            245.0,
            189.8,
            218.5,
            280.0,
            270.0,
            277.1,
            274.0
        ]
    }
}