{
    "black": {
        "x": [
            182.6,
            201.6,
            236.0,
            224.1,
            160.4,
            261.5,
            167.5,
            181.4,
            236.2,
            157.2,
            216.9
        ],
        "y": [
            227.3,
            158.6,
            200.10000000000002,
            218.3,
            244.0,
            244.7,
            222.39999999999998,
            282.1,
            284.8,
            277.0,
            278.1
        ]
    },
    "white": {
        "x": [
            309.0,
            251.0,
            255.79999999999995,
            234.5,
            146.5,
            121.10000000000002,
            117.10000000000002,
            247.29999999999995,
            227.0,
            187.79999999999995,
            134.29999999999995
        ],
        "y": [
            223.7,
            166.5,
            151.5,
            203.9,
            283.6,
            265.4,
            298.1,
            268.8,
            255.0,
            325.9,
            325.9
        ]
    }
}