{
    "black": {
        "x": [
            298.0,
            275.0,
            329.0,
            305.0,
            231.0,
            284.0,
            210.10000000000002
        ],
        "y": [
            297.0,
            254.10000000000002,
            253.0,
            239.0,
            190.3,
            133.5,
            119.0
        ]
    },
    "white": {
        "x": [
            285.0,
            266.0,
            321.0,
            297.9,
            239.0,
            282.0,
            218.20000000000005
        ],
        "y": [
            286.2,
            232.0,
            225.89999999999998,
            215.0,
            174.0,
            130.0,
            141.7
        ]
    }
}