{
    "black": {
        "x": [
            173.5,
            230.0,
            220.0,
            234.0,
            317.0,
            303.70000000000005,
            366.0
        ],
        "y": [
            202.1,
            183.0,
            237.4,
            202.1,
            171.4,
            244.0,
            219.0
        ]
    },
    "white": {
        "x": [
            299.0,
            307.0,
            254.1,
            280.0,
            301.5,
            232.1,
            243.0
        ],
        "y": [
            141.0,
            195.0,
            176.10000000000002,
            188.3,
            249.0,
            226.89999999999998,
            275.0
        ]
    }
}