{
    "black": {
        "x": [
            95.0,
            146.0,
            142.0,
            164.0,
            234.10000000000002,
            233.0,
            318.0,
            180.0,
            176.2,
            269.0,
            286.0
        ],
        "y": [
            237.0,
            178.0,
            230.0,
            209.0,
            173.0,
            244.5,
            201.1,
            264.0,
            273.4,
            271.0,
            277.0
        ]
    },
    "white": {
        "x": [
            303.0,
            265.0,
            292.0,
            254.0,
            198.0,
            179.0,
            118.0,
            213.60000000000002,
            228.0,
            143.0,
            171.0
        ],
        "y": [
            257.2,
            226.0,
            191.0,
            199.0,
            193.0,
            216.0,
            217.89999999999998,
            240.7,
            260.0,
            279.0,
            263.0
        ]
    }
}