{
    "black": {
        "x": [
            272.79999999999995,
            261.79999999999995,
            299.9,
            280.9,
            231.0,
            307.9,
            272.79999999999995
        ],
        "y": [
            311.0,
            294.0,
            294.0,
            262.0,
            203.0,
            180.0,
            105.0
        ]
    },
    "white": {
        "x": [
            257.0,
            289.9,
            234.0,
            263.0,
            304.0,
            250.79999999999995,
            289.0
        ],
        "y": [
            135.0,
            181.0,
            183.0,
            200.0,
            233.0,
            256.0,
            280.0
        ]
    }
}