{
    "black": {
        "x": [
            153.5,
            176.0,
            186.0,
            208.0,
            262.20000000000005,
            198.0,
            228.5999999999999,
            176.79999999999995,
            193.0,
            210.0,
            253.79999999999995
        ],
        "y": [
            189.0,
            173.0,
            190.0,
            192.7,
            186.60000000000002,
            234.0,
            273.0,
            260.0,
            248.0,
            293.5,
            275.0
        ]
    },
    "white": {
        "x": [
            91.0,
            151.0,
            153.20000000000005,
            171.0,
            241.0,
            265.0,
            335.0,
            173.0,
            183.0,
            263.0,
            272.0
        ],
        "y": [
            256.0,
            195.0,
            224.39999999999998,
            207.2,
            186.0,
            235.0,
            210.3,
            269.0,
            255.0,
            260.0,
            239.0
        ]
    }
}