{
    "white": {
        "x": [
            251.0,
            194.89999999999998,
            217.60000000000002,
            203.0,
            183.10000000000002,
            233.0,
            195.0,
            215.0,
            247.0,
            197.10000000000002,
            232.70000000000005
        ],
        "y": [
            178.0,
            168.2,
            161.0,
            198.0,
            247.89999999999998,
            219.9,
            308.7,
            245.0,
            249.0,
            276.0,
            337.9
        ]
    },
    "black": {
        "x": [
            192.10000000000002,
            246.0,
            167.29999999999995,
            205.10000000000002,
            264.0,
            173.0,
            228.79999999999995,
            252.0,
            169.5,
            259.0,
            165.29999999999995
        ],
        "y": [
            176.39999999999998,
            178.0,
            174.0,
            186.0,
            243.39999999999998,
            222.8,
            280.0,
            219.7,
            205.0,
            287.3,
            290.0
        ]
    }
}