{
    "black": {
        "x": [
            214.0,
            204.0,
            240.4000000000001,
            202.20000000000005,
            181.0,
            218.0,
            184.89999999999998,
            214.0999999999999,
            222.5999999999999,
            181.70000000000005,
            208.0
        ],
        "y": [
            285.0,
            240.60000000000002,
            253.3,
            236.0,
            235.5,
            219.0,
            212.0,
            292.9,
            293.9,
            274.0,
            271.2
        ]
    },
    "white": {
        "x": [
            166.5,
            215.5,
            151.0,
            194.70000000000005,
            266.5999999999999,
            233.0,
            285.4000000000001,
            187.0,
            113.0,
            240.0,
            223.20000000000005
        ],
        "y": [
            171.0,
            150.0,
            157.10000000000002,
            174.3,
            263.5,
            267.0,
            295.0,
            294.2,
            306.8,
            327.2,
            333.0
        ]
    }
}