{
    "white": {
        "x": [
            119.3,
            217.1,
            216.0,
            221.1,
            285.2,
            291.6,
            303.7,
            156.4,
            138.4,
            276.5,
            303.7
        ],
        "y": [
            121.4,
            168.8,
            167.8,
            179.9,
            286.8,
            312.2,
            314.5,
            219.2,
            221.2,
            342.2,
            338.9
        ]
    },
    "black": {
        "x": [
            287.5,
            250.79999999999995,
            285.79999999999995,
            242.0,
            136.60000000000002,
            117.5,
            113.5,
            238.60000000000002,
            297.9,
            253.60000000000002,
            246.5
        ],
        "y": [
            179.2,
            158.10000000000002,
            183.3,
            178.2,
            233.7,
            244.8,
            254.8,
            285.1,
            238.7,
            282.1,
            256.8
        ]
    }
}