{
    "black": {
        "x": [
            238.5,
            265.0,
            208.3,
            227.4,
            245.6,
            147.8,
            176.0,
            270.5,
            180.0,
            233.5,
            163.0
        ],
        "y": [
            193.3,
            185.7,
            157.10000000000002,
            177.89999999999998,
            264.0,
            229.0,
            292.1,
            226.60000000000002,
            200.0,
            283.1,
            280.5
        ]
    },
    "white": {
        "x": [
            162.0,
            136.0,
            198.5,
            175.10000000000002,
            230.79999999999995,
            242.70000000000005,
            284.0,
            180.39999999999998,
            208.0,
            229.0,
            264.0
        ],
        "y": [
            279.9,
            207.0,
            209.0,
            203.2,
            174.0,
            224.39999999999998,
            240.60000000000002,
            272.7,
            281.0,
            261.0,
            277.8
        ]
    }
}