{
    "black": {
        "x": [
            299.6,
            272.79999999999995,
            328.0,
            288.0,
            242.79999999999995,
            283.0,
            210.79999999999995
        ],
        "y": [
            280.7,
            237.0,
            225.0,
            211.0,
            167.0,
            156.0,
            135.0
        ]
    },
    "white": {
        "x": [
            307.9,
            265.0,
            321.0,
            285.0,
            217.79999999999995,
            265.9,
            239.0
        ],
        "y": [
            288.0,
            213.0,
            209.0,
            208.0,
            184.0,
            168.0,
            136.0
        ]
    }
}