{
    "black": {
        "x": [
            217.10000000000002,
            262.20000000000005,
            216.10000000000002,
            251.0,
            321.0,
            263.20000000000005,
            323.0
        ],
        "y": [
            131.0,
            161.0,
            182.0,
            189.60000000000002,
            248.2,
            279.4,
            284.0
        ]
    },
    "white": {
        "x": [
            242.9,
            283.5,
            229.3,
            254.0,
            309.0,
            237.0,
            275.4
        ],
        "y": [
            118.4,
            125.0,
            150.0,
            150.3,
            237.0,
            254.0,
            297.5
        ]
    }
}