{
    "white": {
        "x": [
            103.0,
            130.0,
            161.20000000000005,
            165.0,
            254.0,
            283.0,
            308.0,
            181.10000000000002,
            191.9000000000001,
            258.0,
            263.29999999999995
        ],
        "y": [
            277.0,
            197.0,
            192.0,
            185.2,
            213.2,
            250.2,
            242.0,
            272.0,
            282.1,
            271.0,
            256.6
        ]
    },
    "black": {
        "x": [
            252.8,
            261.0,
            222.0,
            232.3,
            196.5,
            196.5,
            148.4,
            237.39999999999998,
            237.39999999999998,
            202.8,
            185.0
        ],
        "y": [
            196.3,
            165.1,
            156.0,
            174.0,
            293.3,
            293.3,
            312.0,
            251.8,
            298.5,
            285.6,
            285.6
        ]
    }
}