{
    "black": {
        "x": [
            217.10000000000002,
            191.20000000000005,
            260.20000000000005,
            226.79999999999995,
            167.0,
            221.39999999999998,
            156.39999999999998,
            204.79999999999995,
            223.89999999999998,
            148.29999999999995,
            204.79999999999995
        ],
        "y": [
            280.2,
            202.0,
            194.5,
            185.5,
            207.7,
            152.8,
            208.60000000000002,
            286.4,
            293.9,
            270.2,
            275.6
        ]
    },
    "white": {
        "x": [
            255.0,
            194.89999999999998,
            247.39999999999998,
            222.20000000000005,
            178.0,
            211.0,
            251.39999999999998,
            194.89999999999998,
            209.0,
            166.70000000000005,
            232.20000000000005
        ],
        "y": [
            275.0,
            210.3,
            209.3,
            211.39999999999998,
            186.60000000000002,
            164.0,
            207.10000000000002,
            269.6,
            271.8,
            242.7,
            228.7
        ]
    }
}