{
    "black": {
        "x": [
            203.0,
            251.79999999999995,
            242.79999999999995,
            261.0,
            332.0,
            298.0,
            335.0
        ],
        "y": [
            179.0,
            153.0,
            202.0,
            178.0,
            165.0,
            253.0,
            263.0
        ]
    },
    "white": {
        "x": [
            192.0,
            254.0,
            227.79999999999995,
            265.0,
            305.0,
            307.0,
            347.0
        ],
        "y": [
            195.0,
            188.0,
            239.3,
            214.0,
            172.0,
            243.0,
            222.0
        ]
    }
}