{
    "black": {
        "x": [
            233.0,
            206.0,
            226.10000000000002,
            218.0,
            185.7,
            227.10000000000002,
            174.6,
            230.10000000000002,
            217.0,
            199.9,
            219.0
        ],
        "y": [
            157.0,
            174.6,
            188.8,
            196.8,
            230.0,
            240.39999999999998,
            281.6,
            196.9,
            210.0,
            267.0,
            283.0
        ]
    },
    "white": {
        "x": [
            260.7,
            217.7,
            249.60000000000002,
            220.10000000000002,
            148.2,
            208.60000000000002,
            173.0,
            233.2,
            245.89999999999998,
            211.7,
            217.0
        ],
        "y": [
            173.7,
            165.2,
            202.9,
            188.8,
            228.0,
            258.5,
            305.2,
            225.2,
            233.0,
            283.6,
            286.9
        ]
    }
}