{
    "white": {
        "x": [
            238.0,
            210.39999999999998,
            254.0,
            231.0,
            208.29999999999995,
            211.0,
            156.5,
            183.39999999999998,
            187.29999999999995,
            204.0,
            175.0
        ],
        "y": [
            252.0,
            201.89999999999998,
            201.10000000000002,
            185.3,
            174.10000000000002,
            187.0,
            220.5,
            261.0,
            232.5,
            242.7,
            239.0
        ]
    },
    "black": {
        "x": [
            297.0,
            239.0,
            247.0,
            195.0,
            124.39999999999998,
            124.39999999999998,
            78.20000000000005,
            208.0,
            163.0,
            164.10000000000002,
            163.0
        ],
        "y": [
            215.0,
            207.2,
            217.0,
            192.0,
            208.0,
            253.3,
            257.3,
            284.0,
            265.0,
            269.0,
            257.0
        ]
    }
}