{
    "black": {
        "x": [
            168.0,
            216.5,
            245.0,
            246.0,
            297.0,
            326.0,
            371.5
        ],
        "y": [
            279.0,
            222.0,
            259.0,
            225.0,
            137.0,
            209.10000000000002,
            183.39999999999998
        ]
    },
    "white": {
        "x": [
            325.0,
            316.0,
            281.0,
            283.0,
            267.9,
            223.0,
            213.0
        ],
        "y": [
            132.0,
            179.0,
            148.0,
            168.0,
            251.89999999999998,
            214.5,
            284.0
        ]
    }
}