{
    "white": {
        "x": [
            211.1,
            167.8,
            232.4,
            201.0,
            169.0,
            244.4,
            234.6,
            200.2,
            234.6,
            185.8,
            234.0
        ],
        "y": [
            137.4,
            163.8,
            166.0,
            187.9,
            278.6,
            290.0,
            334.0,
            251.60000000000002,
            253.8,
            318.0,
            330.0
        ]
    },
    "black": {
        "x": [
            154.1,
            206.8,
            178.6,
            203.0,
            269.3,
            234.0,
            272.0,
            212.0,
            150.7,
            191.8,
            177.6
        ],
        "y": [
            122.0,
            152.3,
            170.9,
            182.0,
            274.8,
            267.0,
            330.2,
            252.60000000000002,
            240.5,
            314.0,
            328.2
        ]
    }
}