{
    "black": {
        "x": [
            354.0,
            308.0,
            346.0,
            319.0,
            207.60000000000002,
            247.60000000000002,
            184.0
        ],
        "y": [
            283.0,
            266.0,
            231.0,
            236.0,
            191.0,
            133.4,
            137.0
        ]
    },
    "white": {
        "x": [
            196.0,
            244.0,
            267.0,
            268.0,
            302.79999999999995,
            327.79999999999995,
            343.0
        ],
        "y": [
            241.0,
            195.60000000000002,
            247.0,
            217.0,
            169.89999999999998,
            231.0,
            173.0
        ]
    }
}