{
    "black": {
        "x": [
            121.29999999999995,
            172.89999999999998,
            171.89999999999998,
            184.0,
            239.0,
            272.70000000000005,
            292.0,
            172.0,
            200.0999999999999,
            239.4000000000001,
            253.5999999999999
        ],
        "y": [
            266.0,
            233.89999999999998,
            204.0,
            191.89999999999998,
            254.0,
            239.2,
            259.1,
            275.2,
            278.2,
            284.0,
            287.3
        ]
    },
    "white": {
        "x": [
            108.10000000000002,
            148.0,
            137.0,
            164.0,
            259.29999999999995,
            290.29999999999995,
            304.6,
            168.0,
            287.20000000000005,
            235.10000000000002,
            253.29999999999995
        ],
        "y": [
            244.0,
            188.8,
            183.5,
            198.60000000000002,
            234.2,
            211.7,
            246.0,
            271.2,
            272.2,
            275.2,
            288.3
        ]
    }
}