{
    "black": {
        "x": [
            134.0,
            150.20000000000005,
            186.10000000000002,
            173.5,
            219.0,
            247.0,
            266.5,
            158.0,
            175.5,
            226.89999999999998,
            238.20000000000005
        ],
        "y": [
            238.0,
            198.1,
            208.39999999999998,
            209.2,
            220.2,
            237.0,
            240.0,
            268.0,
            270.1,
            263.5,
            273.2
        ]
    },
    "white": {
        "x": [
            230.0,
            247.60000000000002,
            194.0,
            217.39999999999998,
            256.0,
            162.0,
            192.29999999999995,
            254.70000000000005,
            186.10000000000002,
            276.9,
            176.10000000000002
        ],
        "y": [
            168.60000000000002,
            157.0,
            152.2,
            167.0,
            277.6,
            283.0,
            328.4,
            238.0,
            228.0,
            300.0,
            300.0
        ]
    }
}