{
    "black": {
        "x": [
            370.0,
            331.0,
            327.29999999999995,
            303.0,
            229.0,
            240.0,
            168.0
        ],
        "y": [
            217.7,
            244.8,
            187.8,
            213.0,
            243.0,
            172.2,
            195.6
        ]
    },
    "white": {
        "x": [
            319.0,
            282.0,
            319.29999999999995,
            292.0,
            235.0,
            300.0,
            220.0
        ],
        "y": [
            292.3,
            254.0,
            232.89999999999998,
            226.0,
            172.5,
            157.0,
            123.0
        ]
    }
}