{
    "black": {
        "x": [
            237.89999999999998,
            223.79999999999995,
            247.0,
            222.0,
            189.0,
            230.10000000000002,
            196.79999999999995,
            221.0,
            241.0,
            202.0,
            222.29999999999995
        ],
        "y": [
            204.0,
            194.7,
            171.0,
            179.0,
            244.0,
            217.0,
            268.5,
            261.0,
            228.0,
            292.0,
            270.0
        ]
    },
    "white": {
        "x": [
            240.70000000000005,
            199.0,
            262.0,
            235.0,
            183.0,
            225.5,
            170.0,
            201.0,
            254.0,
            162.0,
            220.0
        ],
        "y": [
            206.0,
            194.0,
            179.0,
            184.0,
            255.0,
            236.0,
            260.8,
            281.0,
            273.0,
            283.0,
            275.0
        ]
    }
}