{
    "black": {
        "x": [
            235.9,
            179.8,
            258.4,
            216.4,
            167.2,
            224.8,
            184.1,
            183.0,
            235.9,
            162.0,
            241.1
        ],
        "y": [
            254.2,
            218.89999999999998,
            225.10000000000002,
            214.60000000000002,
            189.60000000000002,
            186.60000000000002,
            207.0,
            295.2,
            287.6,
            251.0,
            234.0
        ]
    },
    "white": {
        "x": [
            113.39999999999998,
            221.89999999999998,
            128.0,
            177.89999999999998,
            277.7,
            215.10000000000002,
            282.0,
            173.3,
            135.89999999999998,
            268.4,
            208.0
        ],
        "y": [
            151.0,
            118.6,
            132.0,
            166.0,
            283.2,
            313.9,
            341.2,
            198.5,
            227.89999999999998,
            318.3,
            348.3
        ]
    }
}