{
    "black": {
        "x": [
            203.0,
            236.0,
            283.0,
            266.0,
            258.0,
            336.0,
            326.20000000000005
        ],
        "y": [
            298.0,
            240.0,
            270.0,
            241.0,
            138.0,
            170.0,
            117.89999999999998
        ]
    },
    "white": {
        "x": [
            233.0,
            271.0,
            214.0,
            247.0,
            305.0,
            245.29999999999995,
            325.0
        ],
        "y": [
            144.0,
            189.0,
            208.0,
            207.89999999999998,
            232.0,
            271.6,
            263.0
        ]
    }
}