{
    "white": {
        "x": [
            291.0,
            258.7,
            246.39999999999998,
            238.60000000000002,
            193.0,
            168.7,
            148.0,
            239.7,
            224.0,
            195.0,
            117.6
        ],
        "y": [
            225.8,
            222.3,
            189.0,
            212.0,
            236.39999999999998,
            222.5,
            264.6,
            262.0,
            252.0,
            282.8,
            266.6
        ]
    },
    "black": {
        "x": [
            135.60000000000002,
            153.0,
            200.29999999999995,
            208.0,
            245.70000000000005,
            281.0,
            285.5,
            194.29999999999995,
            203.29999999999995,
            196.29999999999995,
            263.20000000000005
        ],
        "y": [
            218.2,
            168.2,
            171.10000000000002,
            198.2,
            231.60000000000002,
            242.7,
            254.8,
            266.0,
            266.9,
            300.0,
            301.2
        ]
    }
}