{
    "black": {
        "x": [
            226.89999999999998,
            191.70000000000005,
            241.0,
            212.60000000000002,
            198.0,
            228.0,
            197.0,
            180.0,
            199.0,
            194.0,
            196.10000000000002
        ],
        "y": [
            262.1,
            231.0,
            219.0,
            228.0,
            215.0,
            225.0,
            221.39999999999998,
            260.0,
            261.0,
            275.2,
            258.7
        ]
    },
    "white": {
        "x": [
            213.70000000000005,
            283.29999999999995,
            262.0,
            240.0,
            227.0,
            179.0,
            124.0,
            101.0,
            196.0,
            196.60000000000002,
            183.79999999999995
        ],
        "y": [
            195.0,
            193.0,
            199.8,
            204.0,
            194.3,
            183.0,
            246.0,
            229.7,
            285.0,
            270.0,
            254.89999999999998
        ]
    }
}