{
    "black": {
        "x": [
            133.0,
            150.0,
            149.0999999999999,
            171.29999999999995,
            271.20000000000005,
            228.5999999999999,
            256.0,
            159.0,
            176.29999999999995,
            213.5999999999999,
            221.70000000000005
        ],
        "y": [
            245.0,
            196.60000000000002,
            193.0,
            190.5,
            223.8,
            246.0,
            292.0,
            244.0,
            229.8,
            273.0,
            275.0
        ]
    },
    "white": {
        "x": [
            155.6,
            245.0,
            242.3,
            246.3,
            245.0,
            211.10000000000002,
            242.0,
            169.7,
            168.7,
            174.8,
            176.0
        ],
        "y": [
            115.0,
            111.19999999999999,
            147.4,
            170.6,
            263.4,
            269.0,
            347.1,
            191.0,
            189.0,
            321.0,
            319.8
        ]
    }
}