{
    "black": {
        "x": [
            238.0,
            278.0999999999999,
            213.89999999999998,
            241.5,
            243.4000000000001,
            152.20000000000005,
            147.29999999999995,
            255.5,
            226.5,
            227.29999999999995,
            207.5
        ],
        "y": [
            169.2,
            162.2,
            156.39999999999998,
            169.39999999999998,
            243.60000000000002,
            227.0,
            310.0,
            231.5,
            236.10000000000002,
            278.6,
            286.4
        ]
    },
    "white": {
        "x": [
            272.6,
            226.3,
            283.0,
            248.3,
            181.10000000000002,
            222.5,
            130.6,
            208.10000000000002,
            249.60000000000002,
            178.60000000000002,
            199.60000000000002
        ],
        "y": [
            264.3,
            207.5,
            193.5,
            195.5,
            247.3,
            180.0,
            252.89999999999998,
            272.3,
            264.7,
            282.8,
            276.0
        ]
    }
}