{
    "black": {
        "x": [
            86.0,
            134.0,
            132.0,
            132.1,
            221.0,
            222.7,
            277.9,
            143.0,
            131.0,
            238.60000000000002,
            227.0
        ],
        "y": [
            199.0,
            143.0,
            181.0,
            166.10000000000002,
            223.8,
            252.0,
            253.7,
            198.0,
            211.0,
            243.0,
            304.0
        ]
    },
    "white": {
        "x": [
            339.0,
            326.5,
            279.0,
            283.0,
            147.0,
            150.0,
            87.0,
            317.4,
            279.0,
            123.5,
            129.0
        ],
        "y": [
            210.0,
            194.0,
            168.7,
            200.0,
            247.60000000000002,
            197.0,
            248.0,
            281.0,
            245.5,
            286.1,
            267.0
        ]
    }
}