{
    "black": {
        "x": [
            91.2,
            173.0,
            186.1,
            174.6,
            272.2,
            262.9,
            326.2,
            180.9,
            169.5,
            235.4,
            225.5
        ],
        "y": [
            152.9,
            149.8,
            176.3,
            171.9,
            255.3,
            237.5,
            294.5,
            274.8,
            289.9,
            312.1,
            317.3
        ]
    },
    "white": {
        "x": [
            285.1,
            216.39999999999998,
            223.5,
            191.70000000000005,
            172.29999999999995,
            173.20000000000005,
            130.0,
            258.5,
            263.0,
            242.89999999999998,
            232.89999999999998
        ],
        "y": [
            188.9,
            158.8,
            145.1,
            178.9,
            249.5,
            254.60000000000002,
            320.0,
            247.0,
            230.2,
            304.4,
            290.4
        ]
    }
}