{
    "black": {
        "x": [
            183.0,
            157.79999999999995,
            218.79999999999995,
            188.0,
            207.70000000000005,
            260.0999999999999,
            257.0999999999999,
            179.0,
            215.0,
            200.0,
            247.5999999999999
        ],
        "y": [
            257.9,
            170.2,
            179.0,
            168.0,
            157.10000000000002,
            213.60000000000002,
            233.3,
            285.5,
            285.5,
            306.3,
            305.8
        ]
    },
    "white": {
        "x": [
            131.0,
            157.0,
            183.20000000000005,
            176.0,
            227.0,
            218.0,
            300.6,
            168.10000000000002,
            183.0,
            243.0,
            286.4
        ],
        "y": [
            262.9,
            191.10000000000002,
            205.0,
            188.5,
            200.10000000000002,
            204.0,
            217.0,
            257.3,
            276.0,
            251.0,
            273.1
        ]
    }
}