{
    "black": {
        "x": [
            180.29999999999995,
            204.60000000000002,
            165.5,
            206.89999999999998,
            219.0,
            269.9000000000001,
            246.5999999999999,
            214.89999999999998,
            179.20000000000005,
            239.0999999999999,
            217.10000000000002
        ],
        "y": [
            178.7,
            182.3,
            200.10000000000002,
            197.3,
            258.5,
            250.60000000000002,
            274.5,
            261.1,
            261.5,
            287.0,
            294.8
        ]
    },
    "white": {
        "x": [
            262.0,
            195.60000000000002,
            202.10000000000002,
            179.5,
            160.39999999999998,
            153.70000000000005,
            183.0,
            219.20000000000005,
            232.70000000000005,
            218.79999999999995,
            252.29999999999995
        ],
        "y": [
            188.5,
            184.3,
            156.7,
            186.9,
            266.1,
            258.2,
            296.3,
            239.0,
            240.5,
            298.8,
            285.7
        ]
    }
}