{
    "white": {
        "x": [
            120.69999999999999,
            150.0,
            158.0,
            169.8,
            255.2,
            246.7,
            298.1,
            181.7,
            170.10000000000002,
            281.0,
            237.7
        ],
        "y": [
            220.39999999999998,
            180.2,
            208.39999999999998,
            222.0,
            231.0,
            230.8,
            254.5,
            240.5,
            261.8,
            257.0,
            278.2
        ]
    },
    "black": {
        "x": [
            333.2,
            329.0,
            294.0,
            281.8,
            184.0,
            158.8,
            91.0,
            272.7,
            247.5,
            151.8,
            161.0
        ],
        "y": [
            244.0,
            200.10000000000002,
            164.39999999999998,
            204.0,
            253.89999999999998,
            214.10000000000002,
            266.0,
            278.7,
            253.89999999999998,
            296.4,
            272.0
        ]
    }
}