{
    "black": {
        "x": [
            152.0,
            215.0,
            198.0,
            221.0,
            316.0,
            318.0,
            387.0
        ],
        "y": [
            175.0,
            169.0,
            217.7,
            196.60000000000002,
            174.0,
            247.0,
            194.0
        ]
    },
    "white": {
        "x": [
            352.0,
            307.79999999999995,
            294.0,
            277.0,
            220.0,
            241.60000000000002,
            186.70000000000005
        ],
        "y": [
            203.0,
            243.0,
            187.0,
            217.0,
            222.0,
            172.0,
            174.0
        ]
    }
}