{
    "black": {
        "x": [
            340.79999999999995,
            296.0,
            269.70000000000005,
            278.0,
            278.0,
            205.0,
            198.0
        ],
        "y": [
            143.0,
            196.0,
            133.0,
            176.0,
            254.0,
            209.0,
            282.0
        ]
    },
    "white": {
        "x": [
            333.0,
            285.0,
            322.9,
            297.0,
            253.0,
            262.79999999999995,
            205.0
        ],
        "y": [
            256.0,
            225.8,
            187.4,
            195.0,
            223.0,
            159.0,
            178.0
        ]
    }
}