{
    "black": {
        "x": [
            180.29999999999995,
            243.0,
            223.70000000000005,
            241.70000000000005,
            308.0,
            303.0,
            358.0
        ],
        "y": [
            179.3,
            167.0,
            229.0,
            204.0,
            170.0,
            249.0,
            172.0
        ]
    },
    "white": {
        "x": [
            321.0,
            328.0,
            270.5,
            284.0,
            285.5,
            210.0,
            220.0
        ],
        "y": [
            133.0,
            191.0,
            157.0,
            184.0,
            257.0,
            239.0,
            283.0
        ]
    }
}