{
    "white": {
        "x": [
            251.0,
            259.3,
            262.0,
            219.9,
            179.6,
            169.6,
            202.8,
            220.0,
            230.0,
            183.7,
            219.0
        ],
        "y": [
            241.2,
            173.0,
            173.7,
            202.0,
            199.9,
            231.2,
            276.5,
            241.2,
            244.3,
            289.6,
            286.6
        ]
    },
    "black": {
        "x": [
            87.0,
            135.0,
            144.0,
            148.0,
            239.79999999999995,
            241.79999999999995,
            330.5,
            176.0,
            147.0,
            260.0,
            274.1
        ],
        "y": [
            249.5,
            205.0,
            227.3,
            210.2,
            180.9,
            255.5,
            221.2,
            275.0,
            273.7,
            267.0,
            275.7
        ]
    }
}