{
    "black": {
        "x": [
            157.0,
            233.2,
            188.2,
            207.4,
            275.0,
            185.2,
            247.0,
            239.6,
            149.9,
            270.9,
            191.2
        ],
        "y": [
            108.30000000000001,
            144.6,
            151.7,
            158.7,
            254.0,
            279.7,
            357.8,
            196.0,
            198.0,
            315.0,
            326.0
        ]
    },
    "white": {
        "x": [
            109.39999999999998,
            156.60000000000002,
            156.60000000000002,
            171.89999999999998,
            253.70000000000005,
            240.70000000000005,
            306.0,
            168.89999999999998,
            185.0,
            266.6,
            274.70000000000005
        ],
        "y": [
            258.7,
            190.10000000000002,
            213.3,
            210.3,
            200.2,
            249.7,
            276.8,
            264.7,
            269.8,
            262.7,
            282.9
        ]
    }
}