{
    "white": {
        "x": [
            278.6,
            204.39999999999998,
            229.0,
            199.2,
            129.5,
            165.2,
            174.5,
            176.7,
            212.2,
            172.3,
            201.89999999999998
        ],
        "y": [
            264.5,
            199.10000000000002,
            187.0,
            186.3,
            222.3,
            216.89999999999998,
            261.7,
            282.9,
            275.6,
            292.4,
            300.2
        ]
    },
    "black": {
        "x": [
            248.5,
            212.20000000000005,
            217.89999999999998,
            193.0,
            176.5,
            183.60000000000002,
            156.79999999999995,
            229.39999999999998,
            244.0999999999999,
            196.60000000000002,
            198.79999999999995
        ],
        "y": [
            149.0,
            162.8,
            149.5,
            170.2,
            268.0,
            258.6,
            309.3,
            217.8,
            201.8,
            315.8,
            315.8
        ]
    }
}