{
    "white": {
        "x": [
            210.8,
            197.0,
            230.0,
            207.7,
            252.10000000000002,
            193.60000000000002,
            226.89999999999998,
            211.8,
            170.5,
            242.0,
            240.0
        ],
        "y": [
            151.7,
            168.8,
            172.1,
            174.0,
            234.0,
            222.2,
            303.9,
            212.2,
            221.60000000000002,
            278.7,
            277.7
        ]
    },
    "black": {
        "x": [
            70.10000000000002,
            125.10000000000002,
            138.0,
            141.0,
            242.79999999999995,
            247.39999999999998,
            341.5999999999999,
            167.0,
            177.29999999999995,
            295.20000000000005,
            290.20000000000005
        ],
        "y": [
            221.60000000000002,
            210.60000000000002,
            167.3,
            223.0,
            172.8,
            245.0,
            249.89999999999998,
            278.6,
            262.0,
            294.2,
            282.1
        ]
    }
}