{
    "black": {
        "x": [
            208.79999999999995,
            225.79999999999995,
            198.29999999999995,
            197.20000000000005,
            188.0,
            163.79999999999995,
            175.0,
            249.0,
            250.0,
            231.70000000000005,
            198.79999999999995
        ],
        "y": [
            171.9,
            184.89999999999998,
            189.10000000000002,
            197.2,
            248.39999999999998,
            245.2,
            279.7,
            271.8,
            242.0,
            292.0,
            288.7
        ]
    },
    "white": {
        "x": [
            157.0,
            233.79999999999995,
            190.0,
            226.9000000000001,
            270.0,
            193.70000000000005,
            244.9000000000001,
            204.5,
            150.0999999999999,
            180.70000000000005,
            151.0
        ],
        "y": [
            147.9,
            141.5,
            168.39999999999998,
            183.5,
            227.7,
            249.2,
            326.8,
            235.2,
            209.5,
            311.3,
            331.0
        ]
    }
}