{
    "white": {
        "x": [
            167.9,
            163.9,
            198.2,
            192.0,
            206.0,
            227.0,
            263.7,
            164.5,
            194.0,
            206.3,
            224.4
        ],
        "y": [
            238.10000000000002,
            174.10000000000002,
            212.39999999999998,
            192.0,
            241.39999999999998,
            270.9,
            253.10000000000002,
            261.5,
            282.0,
            286.0,
            303.3
        ]
    },
    "black": {
        "x": [
            181.0,
            172.0,
            223.0,
            202.20000000000005,
            236.0,
            252.39999999999998,
            242.29999999999995,
            203.0,
            239.0,
            225.60000000000002,
            242.29999999999995
        ],
        "y": [
            255.5,
            221.2,
            237.3,
            227.0,
            228.2,
            218.2,
            190.9,
            274.6,
            265.0,
            259.5,
            268.6
        ]
    }
}