{
    "black": {
        "x": [
            284.5,
            241.0,
            276.0,
            235.89999999999998,
            186.0,
            186.2,
            135.8,
            237.89999999999998,
            255.0,
            188.0,
            198.7
        ],
        "y": [
            251.89999999999998,
            193.2,
            189.3,
            211.39999999999998,
            243.0,
            229.60000000000002,
            266.4,
            271.6,
            253.8,
            287.3,
            265.1
        ]
    },
    "white": {
        "x": [
            83.60000000000002,
            108.0,
            167.10000000000002,
            172.39999999999998,
            242.70000000000005,
            270.9,
            329.5,
            129.20000000000005,
            199.0,
            257.1,
            312.29999999999995
        ],
        "y": [
            235.89999999999998,
            174.39999999999998,
            172.7,
            221.2,
            227.60000000000002,
            212.7,
            240.0,
            281.0,
            300.5,
            275.9,
            287.2
        ]
    }
}