{
    "black": {
        "x": [
            180.10000000000002,
            215.39999999999998,
            168.10000000000002,
            196.29999999999995,
            255.70000000000005,
            197.29999999999995,
            214.39999999999998,
            196.29999999999995,
            144.89999999999998,
            245.70000000000005,
            210.39999999999998
        ],
        "y": [
            241.5,
            213.3,
            203.0,
            222.0,
            201.3,
            186.0,
            176.0,
            272.6,
            274.8,
            247.60000000000002,
            226.39999999999998
        ]
    },
    "white": {
        "x": [
            359.0,
            331.79999999999995,
            274.0,
            283.4,
            169.0,
            184.0,
            55.60000000000002,
            286.0,
            239.0,
            189.0,
            163.0
        ],
        "y": [
            184.0,
            156.0,
            145.7,
            171.39999999999998,
            240.89999999999998,
            230.0,
            273.2,
            282.0,
            249.0,
            314.7,
            289.3
        ]
    }
}