{
    "black": {
        "x": [
            152.0,
            158.5,
            188.0,
            188.0,
            282.20000000000005,
            183.0,
            272.0,
            188.0,
            194.0,
            176.9000000000001,
            202.0
        ],
        "y": [
            199.89999999999998,
            186.7,
            167.0,
            187.0,
            221.5,
            252.7,
            278.8,
            254.0,
            266.6,
            253.0,
            269.0
        ]
    },
    "white": {
        "x": [
            343.9,
            280.1,
            272.0,
            236.5,
            142.0,
            142.0,
            97.0,
            167.0,
            193.0,
            142.3,
            148.0
        ],
        "y": [
            240.0,
            212.0,
            213.0,
            213.3,
            218.0,
            220.0,
            232.0,
            284.0,
            266.9,
            280.0,
            269.0
        ]
    }
}