{
    "black": {
        "x": [
            253.5,
            211.0,
            258.0,
            227.0,
            172.89999999999998,
            202.10000000000002,
            144.0,
            201.0,
            243.39999999999998,
            171.0,
            206.60000000000002
        ],
        "y": [
            248.60000000000002,
            220.8,
            202.2,
            195.2,
            228.39999999999998,
            196.3,
            233.5,
            269.7,
            251.60000000000002,
            256.3,
            241.89999999999998
        ]
    },
    "white": {
        "x": [
            99.0,
            176.0,
            167.79999999999995,
            192.60000000000002,
            276.0,
            297.79999999999995,
            330.20000000000005,
            180.39999999999998,
            181.0,
            264.70000000000005,
            258.0
        ],
        "y": [
            199.8,
            169.3,
            183.0,
            185.60000000000002,
            208.0,
            208.8,
            287.1,
            287.1,
            293.5,
            297.1,
            297.1
        ]
    }
}