{
    "black": {
        "x": [
            156.89999999999998,
            200.8,
            206.3,
            210.39999999999998,
            299.5,
            303.6,
            382.5
        ],
        "y": [
            244.0,
            186.0,
            238.6,
            213.9,
            168.3,
            247.9,
            201.6
        ]
    },
    "white": {
        "x": [
            158.0,
            219.7,
            202.3,
            231.0,
            327.8,
            282.4,
            355.4
        ],
        "y": [
            173.0,
            158.8,
            220.0,
            200.0,
            197.0,
            251.2,
            257.6
        ]
    }
}