{
    "black": {
        "x": [
            163.0,
            205.0,
            202.0,
            213.0,
            325.0,
            324.29999999999995,
            376.0
        ],
        "y": [
            185.10000000000002,
            166.0,
            228.0,
            194.0,
            172.0,
            249.0,
            203.0
        ]
    },
    "white": {
        "x": [
            139.1,
            205.0,
            211.1,
            222.0,
            350.0,
            339.0,
            400.3
        ],
        "y": [
            200.0,
            163.0,
            222.0,
            191.0,
            171.0,
            252.10000000000002,
            232.0
        ]
    }
}