{
    "black": {
        "x": [
            126.0,
            153.0,
            125.0,
            169.70000000000005,
            255.0,
            247.0,
            300.0,
            175.29999999999995,
            140.0,
            251.70000000000005,
            208.0
        ],
        "y": [
            218.5,
            154.0,
            191.3,
            180.0,
            221.0,
            266.9,
            286.0,
            253.0,
            251.8,
            264.4,
            288.9
        ]
    },
    "white": {
        "x": [
            315.4,
            306.29999999999995,
            248.0,
            283.0,
            208.0,
            136.8,
            126.0,
            278.9,
            231.5,
            186.0,
            155.0
        ],
        "y": [
            236.89999999999998,
            175.39999999999998,
            161.0,
            201.0,
            226.0,
            215.0,
            282.0,
            283.2,
            282.0,
            295.0,
            300.0
        ]
    }
}