{
    "black": {
        "x": [
            150.10000000000002,
            171.0,
            182.29999999999995,
            181.29999999999995,
            217.0,
            247.79999999999995,
            248.79999999999995,
            180.0,
            174.29999999999995,
            216.60000000000002,
            208.29999999999995
        ],
        "y": [
            162.0,
            172.8,
            171.0,
            184.9,
            242.60000000000002,
            242.0,
            277.7,
            269.0,
            276.0,
            279.0,
            287.0
        ]
    },
    "white": {
        "x": [
            279.0,
            212.60000000000002,
            249.29999999999995,
            212.0,
            173.29999999999995,
            174.5,
            137.0,
            251.0,
            253.89999999999998,
            184.60000000000002,
            214.89999999999998
        ],
        "y": [
            199.0,
            194.0,
            161.5,
            166.7,
            275.6,
            230.3,
            271.8,
            297.1,
            257.7,
            294.7,
            288.0
        ]
    }
}