{
    "black": {
        "x": [
            173.7,
            179.7,
            172.5,
            206.0,
            251.2,
            260.9,
            284.1,
            226.60000000000002,
            197.0,
            186.89999999999998,
            224.0
        ],
        "y": [
            237.2,
            207.0,
            213.0,
            234.5,
            240.0,
            258.0,
            264.0,
            257.6,
            275.0,
            300.8,
            304.0
        ]
    },
    "white": {
        "x": [
            301.0,
            256.5,
            260.5,
            250.3,
            149.0,
            122.30000000000001,
            119.0,
            247.0,
            232.0,
            201.0,
            169.5
        ],
        "y": [
            236.0,
            202.10000000000002,
            168.8,
            242.8,
            261.0,
            254.5,
            283.0,
            269.6,
            267.0,
            299.2,
            284.0
        ]
    }
}