{
    "black": {
        "x": [
            163.3,
            135.0,
            197.5,
            184.0,
            201.0,
            265.0,
            268.0,
            217.3,
            183.39999999999998,
            256.4,
            252.0
        ],
        "y": [
            286.8,
            245.10000000000002,
            239.39999999999998,
            209.0,
            183.0,
            230.0,
            190.0,
            274.7,
            254.0,
            249.0,
            241.0
        ]
    },
    "white": {
        "x": [
            123.0,
            142.0,
            128.0,
            183.29999999999995,
            227.60000000000002,
            216.39999999999998,
            296.20000000000005,
            171.20000000000005,
            212.5,
            237.70000000000005,
            258.0
        ],
        "y": [
            220.5,
            176.0,
            173.10000000000002,
            196.3,
            253.7,
            235.60000000000002,
            291.0,
            269.1,
            260.8,
            290.0,
            285.0
        ]
    }
}