{
    "black": {
        "x": [
            221.0,
            190.0,
            214.60000000000002,
            214.60000000000002,
            179.0,
            237.0,
            182.39999999999998,
            191.0,
            227.79999999999995,
            213.60000000000002,
            216.70000000000005
        ],
        "y": [
            168.0,
            178.2,
            168.3,
            204.0,
            238.7,
            253.0,
            272.0,
            210.5,
            228.7,
            279.0,
            274.0
        ]
    },
    "white": {
        "x": [
            134.20000000000005,
            159.0,
            161.89999999999998,
            169.70000000000005,
            226.0,
            247.0,
            285.0,
            188.79999999999995,
            187.10000000000002,
            255.39999999999998,
            259.4
        ],
        "y": [
            271.7,
            212.0,
            226.0,
            197.10000000000002,
            175.0,
            219.0,
            217.60000000000002,
            269.3,
            256.6,
            260.0,
            255.0
        ]
    }
}