{
    "white": {
        "x": [
            193.5,
            179.39999999999998,
            208.70000000000005,
            205.0,
            244.89999999999998,
            191.0,
            222.79999999999995,
            195.60000000000002,
            218.70000000000005,
            182.5,
            231.79999999999995
        ],
        "y": [
            147.7,
            189.0,
            184.0,
            202.2,
            258.6,
            258.0,
            304.0,
            208.0,
            203.2,
            301.0,
            309.0
        ]
    },
    "black": {
        "x": [
            272.5999999999999,
            233.0,
            192.89999999999998,
            211.0999999999999,
            202.0,
            153.60000000000002,
            149.0,
            253.0,
            231.0,
            216.0,
            208.0
        ],
        "y": [
            127.3,
            165.0,
            138.0,
            181.0,
            273.0,
            259.0,
            339.0,
            217.0,
            188.8,
            321.0,
            302.0
        ]
    }
}