{
    "black": {
        "x": [
            127.0,
            153.0,
            180.60000000000002,
            175.0,
            246.0,
            261.0,
            296.9,
            157.29999999999995,
            192.70000000000005,
            244.0,
            266.0
        ],
        "y": [
            254.60000000000002,
            195.0,
            229.0,
            192.0,
            195.0,
            240.7,
            238.0,
            266.0,
            273.0,
            263.0,
            276.0
        ]
    },
    "white": {
        "x": [
            202.0,
            160.0,
            204.0,
            192.0,
            260.70000000000005,
            202.0,
            258.0,
            148.60000000000002,
            177.0,
            245.0,
            243.29999999999995
        ],
        "y": [
            129.10000000000002,
            161.0,
            160.0,
            183.8,
            248.0,
            259.0,
            327.0,
            210.10000000000002,
            212.0,
            297.0,
            303.5
        ]
    }
}