{
    "white": {
        "x": [
            307.0,
            256.0,
            269.0,
            241.0,
            173.0,
            188.0,
            124.0,
            219.70000000000005,
            238.0,
            162.60000000000002,
            161.5
        ],
        "y": [
            266.2,
            248.0,
            217.7,
            231.7,
            237.0,
            196.0,
            236.0,
            271.0,
            268.3,
            262.9,
            246.0
        ]
    },
    "black": {
        "x": [
            146.9,
            161.3,
            201.9,
            184.0,
            216.0,
            270.0,
            276.3,
            177.1,
            195.5,
            230.0,
            263.5
        ],
        "y": [
            271.0,
            194.0,
            218.0,
            208.3,
            169.0,
            215.0,
            186.0,
            280.5,
            286.0,
            249.2,
            271.8
        ]
    }
}