{
    "black": {
        "x": [
            269.4,
            280.1,
            229.2,
            231.0,
            168.5,
            227.0,
            192.8,
            256.0,
            229.2,
            199.9,
            167.4
        ],
        "y": [
            188.0,
            219.60000000000002,
            180.3,
            216.0,
            266.0,
            271.0,
            270.2,
            268.2,
            293.1,
            286.0,
            293.0
        ]
    },
    "white": {
        "x": [
            113.0,
            144.0,
            174.89999999999998,
            186.60000000000002,
            255.0,
            265.0,
            302.1,
            207.89999999999998,
            157.0,
            261.6,
            246.39999999999998
        ],
        "y": [
            245.0,
            190.8,
            214.5,
            220.0,
            183.0,
            238.8,
            223.60000000000002,
            273.0,
            273.2,
            267.0,
            276.3
        ]
    }
}