{
    "black": {
        "x": [
            376.0,
            326.0,
            327.4,
            312.0,
            240.0,
            236.0,
            163.0
        ],
        "y": [
            201.0,
            239.0,
            186.0,
            211.89999999999998,
            248.0,
            167.0,
            188.0
        ]
    },
    "white": {
        "x": [
            308.0,
            259.5,
            268.0,
            259.5,
            242.0,
            253.39999999999998,
            230.1
        ],
        "y": [
            209.0,
            237.0,
            174.0,
            210.0,
            242.0,
            229.0,
            228.4
        ]
    }
}