{
    "white": {
        "x": [
            250.20000000000005,
            239.39999999999998,
            232.39999999999998,
            264.5,
            147.0,
            126.79999999999995,
            95.60000000000002,
            280.0,
            279.0,
            287.0,
            258.6
        ],
        "y": [
            188.0,
            196.0,
            203.0,
            214.3,
            259.0,
            244.0,
            264.0,
            280.0,
            265.0,
            228.8,
            219.0
        ]
    },
    "black": {
        "x": [
            296.0,
            273.0,
            246.29999999999995,
            220.20000000000005,
            181.0,
            184.0,
            121.0,
            151.5,
            177.0,
            164.29999999999995,
            253.0
        ],
        "y": [
            210.0,
            233.39999999999998,
            183.5,
            225.0,
            254.7,
            255.0,
            236.89999999999998,
            278.5,
            272.6,
            245.0,
            247.10000000000002
        ]
    }
}