{
    "black": {
        "x": [
            124.89999999999998,
            163.2,
            189.0,
            180.0,
            239.39999999999998,
            221.60000000000002,
            258.9,
            158.39999999999998,
            192.0,
            188.7,
            214.2
        ],
        "y": [
            210.10000000000002,
            165.0,
            202.0,
            182.0,
            236.0,
            252.0,
            271.3,
            252.0,
            254.8,
            286.0,
            312.0
        ]
    },
    "white": {
        "x": [
            143.0,
            168.0,
            128.0,
            165.0,
            258.0,
            235.0,
            294.0,
            163.0,
            129.3,
            242.0,
            233.89999999999998
        ],
        "y": [
            208.0,
            185.0,
            185.0,
            198.2,
            245.39999999999998,
            224.0,
            220.0,
            262.0,
            278.5,
            277.0,
            284.9
        ]
    }
}