{
    "black": {
        "x": [
            146.0,
            133.0,
            195.4000000000001,
            195.4000000000001,
            263.9000000000001,
            252.79999999999995,
            292.0,
            201.4000000000001,
            193.0,
            272.0,
            270.0
        ],
        "y": [
            258.0,
            203.60000000000002,
            191.5,
            174.39999999999998,
            167.0,
            178.39999999999998,
            231.0,
            267.1,
            281.2,
            281.2,
            271.1
        ]
    },
    "white": {
        "x": [
            301.0,
            253.10000000000002,
            303.0,
            241.0,
            178.5,
            182.5,
            125.10000000000002,
            216.8,
            249.10000000000002,
            149.3,
            177.0
        ],
        "y": [
            269.0,
            211.2,
            202.10000000000002,
            194.10000000000002,
            215.2,
            191.10000000000002,
            226.0,
            275.7,
            275.0,
            277.0,
            272.0
        ]
    }
}