{
    "black": {
        "x": [
            216.60000000000002,
            202.10000000000002,
            245.7,
            231.0,
            227.5,
            303.5,
            337.70000000000005
        ],
        "y": [
            298.0,
            255.0,
            262.0,
            230.0,
            134.3,
            197.2,
            117.5
        ]
    },
    "white": {
        "x": [
            214.0,
            240.20000000000005,
            278.20000000000005,
            275.0,
            249.20000000000005,
            324.0,
            299.5
        ],
        "y": [
            289.0,
            239.0,
            274.0,
            238.0,
            163.0,
            182.89999999999998,
            127.0
        ]
    }
}