{
    "white": {
        "x": [
            243.0,
            253.0,
            250.3,
            233.7,
            180.8,
            197.0,
            204.8,
            253.0,
            207.2,
            213.7,
            215.89999999999998
        ],
        "y": [
            172.9,
            181.6,
            195.10000000000002,
            203.8,
            217.2,
            243.5,
            264.9,
            239.3,
            235.3,
            270.5,
            266.0
        ]
    },
    "black": {
        "x": [
            210.89999999999998,
            181.2,
            223.3,
            216.7,
            215.60000000000002,
            220.0,
            217.0,
            240.10000000000002,
            195.60000000000002,
            244.0,
            181.7
        ],
        "y": [
            144.0,
            148.0,
            144.0,
            175.5,
            217.7,
            255.5,
            320.9,
            210.0,
            228.8,
            284.3,
            276.9
        ]
    }
}