{
    "white": {
        "x": [
            124.4,
            138.5,
            180.5,
            170.4,
            224.0,
            258.8,
            283.4,
            161.1,
            188.0,
            223.2,
            254.60000000000002
        ],
        "y": [
            279.5,
            190.8,
            211.2,
            202.0,
            194.2,
            224.5,
            235.8,
            265.9,
            273.5,
            248.89999999999998,
            264.0
        ]
    },
    "black": {
        "x": [
            92.5,
            155.0,
            131.0,
            148.5,
            224.5,
            216.89999999999998,
            328.0,
            149.39999999999998,
            156.5,
            239.39999999999998,
            250.0
        ],
        "y": [
            240.60000000000002,
            194.5,
            224.3,
            216.5,
            202.5,
            233.3,
            237.3,
            267.8,
            278.0,
            265.9,
            278.5
        ]
    }
}