{
    "black": {
        "x": [
            168.0,
            160.10000000000002,
            240.0,
            206.60000000000002,
            192.0,
            223.0,
            172.5,
            191.5,
            271.70000000000005,
            217.79999999999995,
            236.0
        ],
        "y": [
            253.10000000000002,
            218.7,
            220.5,
            230.89999999999998,
            193.39999999999998,
            178.2,
            195.60000000000002,
            284.0,
            280.0,
            264.3,
            264.3
        ]
    },
    "white": {
        "x": [
            334.0,
            274.29999999999995,
            274.29999999999995,
            255.0,
            123.19999999999999,
            130.60000000000002,
            77.0,
            252.70000000000005,
            249.29999999999995,
            108.30000000000001,
            122.5
        ],
        "y": [
            255.60000000000002,
            215.5,
            193.2,
            230.7,
            207.2,
            189.2,
            213.3,
            284.0,
            274.0,
            277.2,
            278.8
        ]
    }
}