{
    "black": {
        "x": [
            186.0,
            227.60000000000002,
            249.0,
            244.0,
            276.0,
            327.0,
            352.0
        ],
        "y": [
            272.0,
            226.0,
            271.7,
            237.0,
            143.0,
            215.0,
            147.0
        ]
    },
    "white": {
        "x": [
            309.0,
            291.5,
            246.0,
            265.0,
            298.0,
            229.70000000000005,
            287.0
        ],
        "y": [
            150.0,
            218.0,
            192.0,
            220.0,
            250.0,
            237.89999999999998,
            265.0
        ]
    }
}