{
    "black": {
        "x": [
            219.0,
            217.0,
            262.0,
            249.0,
            241.39999999999998,
            321.4,
            289.20000000000005
        ],
        "y": [
            279.0,
            231.0,
            270.4,
            242.7,
            165.8,
            203.0,
            136.0
        ]
    },
    "white": {
        "x": [
            345.0,
            284.0,
            274.0,
            269.9,
            226.3,
            224.0,
            193.0
        ],
        "y": [
            203.3,
            236.6,
            182.0,
            204.0,
            245.5,
            170.0,
            206.0
        ]
    }
}