{
    "black": {
        "x": [
            236.70000000000005,
            272.0,
            219.0,
            259.79999999999995,
            320.0,
            231.0,
            293.79999999999995
        ],
        "y": [
            100.0,
            140.0,
            155.0,
            161.0,
            208.0,
            249.0,
            315.0
        ]
    },
    "white": {
        "x": [
            341.9,
            270.0,
            318.9,
            281.0,
            230.79999999999995,
            278.0,
            197.70000000000005
        ],
        "y": [
            274.0,
            257.0,
            213.0,
            207.0,
            194.0,
            141.0,
            170.0
        ]
    }
}