{
    "white": {
        "x": [
            187.89999999999998,
            182.89999999999998,
            231.20000000000005,
            217.0,
            200.70000000000005,
            243.89999999999998,
            205.79999999999995,
            201.10000000000002,
            223.0,
            232.0,
            237.39999999999998
        ],
        "y": [
            254.5,
            191.0,
            205.10000000000002,
            186.0,
            193.0,
            190.0,
            204.10000000000002,
            272.0,
            270.0,
            269.4,
            275.0
        ]
    },
    "black": {
        "x": [
            298.0,
            250.39999999999998,
            267.0,
            246.60000000000002,
            155.0,
            161.0,
            119.39999999999998,
            238.3,
            262.5,
            180.89999999999998,
            177.8
        ],
        "y": [
            246.60000000000002,
            229.0,
            205.0,
            202.0,
            231.39999999999998,
            194.0,
            225.39999999999998,
            269.8,
            263.0,
            272.0,
            255.0
        ]
    }
}