{
    "white": {
        "x": [
            259.7,
            256.0,
            250.0,
            229.39999999999998,
            201.0,
            171.0,
            209.3,
            268.0,
            253.60000000000002,
            231.39999999999998,
            184.10000000000002
        ],
        "y": [
            240.39999999999998,
            208.0,
            205.0,
            206.2,
            231.8,
            221.0,
            258.0,
            269.7,
            262.6,
            273.0,
            278.8
        ]
    },
    "black": {
        "x": [
            342.20000000000005,
            306.0,
            282.0,
            256.5,
            216.20000000000005,
            160.0,
            80.10000000000002,
            303.0,
            281.70000000000005,
            149.70000000000005,
            149.5
        ],
        "y": [
            225.0,
            168.60000000000002,
            165.39999999999998,
            187.60000000000002,
            246.3,
            187.60000000000002,
            257.0,
            280.3,
            251.89999999999998,
            288.6,
            291.0
        ]
    }
}