{
    "black": {
        "x": [
            358.0,
            291.4,
            326.0,
            295.0,
            196.5,
            259.0,
            180.0
        ],
        "y": [
            267.0,
            276.1,
            214.0,
            239.0,
            222.0,
            140.10000000000002,
            141.2
        ]
    },
    "white": {
        "x": [
            223.0,
            280.0,
            221.0,
            258.0,
            318.0,
            232.0,
            262.0
        ],
        "y": [
            108.0,
            149.8,
            170.0,
            163.0,
            260.5,
            249.39999999999998,
            307.0
        ]
    }
}