{
    "black": {
        "x": [
            123.60000000000002,
            160.89999999999998,
            161.20000000000005,
            155.89999999999998,
            245.79999999999995,
            256.70000000000005,
            306.0999999999999,
            169.0,
            174.0,
            233.5,
            246.60000000000002
        ],
        "y": [
            249.3,
            194.4,
            227.0,
            215.10000000000002,
            183.8,
            226.0,
            232.2,
            268.5,
            270.9,
            261.0,
            267.8
        ]
    },
    "white": {
        "x": [
            348.0,
            288.79999999999995,
            277.70000000000005,
            273.70000000000005,
            132.0,
            135.0,
            78.60000000000002,
            256.6,
            254.0,
            123.79999999999995,
            133.0
        ],
        "y": [
            231.3,
            220.2,
            193.0,
            215.2,
            239.0,
            231.0,
            241.3,
            277.7,
            267.6,
            272.2,
            268.3
        ]
    }
}