{
    "black": {
        "x": [
            170.0,
            162.2,
            220.0,
            203.0,
            218.1,
            249.0,
            226.8,
            199.0,
            224.0,
            240.7,
            245.9
        ],
        "y": [
            274.0,
            208.0,
            221.60000000000002,
            204.0,
            193.3,
            204.0,
            173.0,
            276.0,
            283.0,
            248.0,
            252.0
        ]
    },
    "white": {
        "x": [
            138.7,
            162.0,
            147.0,
            171.0,
            233.5,
            242.2,
            297.0,
            184.10000000000002,
            162.89999999999998,
            250.0,
            238.0
        ],
        "y": [
            211.0,
            193.0,
            221.2,
            225.2,
            219.2,
            243.0,
            245.39999999999998,
            261.9,
            276.2,
            263.5,
            277.0
        ]
    }
}