{
    "black": {
        "x": [
            281.0,
            233.0,
            318.0,
            279.0,
            221.0,
            318.0,
            299.0
        ],
        "y": [
            304.0,
            222.0,
            233.2,
            223.0,
            167.0,
            176.0,
            111.0
        ]
    },
    "white": {
        "x": [
            385.0,
            335.0,
            330.79999999999995,
            309.0,
            235.20000000000005,
            230.70000000000005,
            154.29999999999995
        ],
        "y": [
            200.5,
            235.0,
            176.0,
            206.0,
            241.0,
            175.0,
            206.0
        ]
    }
}