{
    "black": {
        "x": [
            146.39999999999998,
            174.39999999999998,
            164.5,
            189.0,
            238.0,
            243.0,
            293.5,
            230.0,
            204.60000000000002,
            214.3,
            221.8
        ],
        "y": [
            165.8,
            173.0,
            190.0,
            176.9,
            203.0,
            192.0,
            251.0,
            212.8,
            228.0,
            224.3,
            273.1
        ]
    },
    "white": {
        "x": [
            319.29999999999995,
            275.9,
            269.9,
            256.8,
            191.60000000000002,
            211.39999999999998,
            90.0,
            208.8,
            213.5,
            171.0,
            172.0
        ],
        "y": [
            241.0,
            214.0,
            190.0,
            201.0,
            273.0,
            209.0,
            224.89999999999998,
            288.9,
            277.9,
            281.9,
            276.0
        ]
    }
}