{
    "black": {
        "x": [
            186.10000000000002,
            201.0,
            228.0,
            230.70000000000005,
            308.0,
            298.0,
            353.70000000000005
        ],
        "y": [
            247.7,
            198.1,
            255.0,
            220.0,
            161.0,
            242.0,
            239.0
        ]
    },
    "white": {
        "x": [
            250.0,
            220.0,
            279.0,
            252.0,
            252.0,
            319.0,
            292.0
        ],
        "y": [
            291.0,
            242.0,
            241.20000000000005,
            227.0,
            177.0,
            185.39999999999998,
            145.0
        ]
    }
}