{
    "black": {
        "x": [
            146.79999999999995,
            215.29999999999995,
            184.0999999999999,
            210.29999999999995,
            267.70000000000005,
            216.29999999999995,
            244.5,
            210.29999999999995,
            192.0999999999999,
            258.5999999999999,
            244.5
        ],
        "y": [
            253.10000000000002,
            198.7,
            192.60000000000002,
            192.60000000000002,
            208.8,
            193.60000000000002,
            227.89999999999998,
            297.1,
            282.3,
            279.3,
            277.3
        ]
    },
    "white": {
        "x": [
            306.70000000000005,
            282.5,
            234.70000000000005,
            252.29999999999995,
            163.7,
            145.39999999999998,
            106.10000000000002,
            275.5,
            244.39999999999998,
            168.60000000000002,
            194.8
        ],
        "y": [
            145.1,
            192.7,
            169.5,
            202.8,
            266.3,
            255.2,
            296.6,
            298.1,
            265.3,
            328.3,
            312.1
        ]
    }
}