{
    "black": {
        "x": [
            159.0,
            211.0,
            227.0,
            229.0,
            324.5,
            327.0,
            379.0
        ],
        "y": [
            250.0,
            186.0,
            245.0,
            213.0,
            165.0,
            233.0,
            220.0
        ]
    },
    "white": {
        "x": [
            327.0,
            332.9,
            262.79999999999995,
            283.0,
            251.0,
            210.0,
            206.79999999999995
        ],
        "y": [
            149.0,
            227.0,
            205.0,
            222.0,
            262.0,
            223.0,
            267.0
        ]
    }
}