{
    "black": {
        "x": [
            317.4,
            302.0,
            282.9,
            277.5,
            196.0,
            152.0,
            112.0,
            245.0,
            240.79999999999995,
            170.0,
            141.89999999999998
        ],
        "y": [
            233.5,
            193.2,
            173.0,
            205.0,
            241.0,
            222.89999999999998,
            240.7,
            260.7,
            249.0,
            299.6,
            278.0
        ]
    },
    "white": {
        "x": [
            352.0,
            268.0,
            286.0,
            266.8,
            200.0,
            158.0,
            67.0,
            278.0,
            271.0,
            121.69999999999999,
            120.0
        ],
        "y": [
            225.0,
            194.3,
            179.89999999999998,
            209.5,
            233.10000000000002,
            190.0,
            227.0,
            276.0,
            264.2,
            288.1,
            266.0
        ]
    }
}