{
    "black": {
        "x": [
            357.0,
            290.1,
            337.0,
            307.0,
            225.0,
            271.0,
            181.0
        ],
        "y": [
            273.0,
            246.0,
            195.0,
            216.0,
            210.0,
            142.0,
            158.0
        ]
    },
    "white": {
        "x": [
            220.10000000000002,
            286.0,
            219.0,
            259.0,
            319.0,
            221.20000000000005,
            245.0
        ],
        "y": [
            123.0,
            152.0,
            182.0,
            177.2,
            243.0,
            243.0,
            293.0
        ]
    }
}