{
    "black": {
        "x": [
            88.0,
            143.0,
            151.79999999999995,
            166.89999999999998,
            258.20000000000005,
            279.79999999999995,
            358.0,
            177.0,
            190.0,
            216.0,
            230.39999999999998
        ],
        "y": [
            270.0,
            218.2,
            240.39999999999998,
            239.0,
            211.8,
            236.39999999999998,
            197.0,
            303.0,
            303.0,
            267.0,
            280.0
        ]
    },
    "white": {
        "x": [
            349.29999999999995,
            310.0,
            288.0,
            276.29999999999995,
            169.0,
            134.60000000000002,
            67.0,
            281.0,
            257.0,
            172.89999999999998,
            175.89999999999998
        ],
        "y": [
            230.0,
            171.10000000000002,
            157.0,
            191.60000000000002,
            252.8,
            254.0,
            283.9,
            265.0,
            258.0,
            312.0,
            300.0
        ]
    }
}