{
    "black": {
        "x": [
            92.60000000000002,
            166.20000000000005,
            139.0,
            166.0,
            248.0,
            260.0,
            322.0,
            159.10000000000002,
            150.0,
            255.89999999999998,
            242.79999999999995
        ],
        "y": [
            231.0,
            168.39999999999998,
            183.5,
            201.7,
            221.0,
            269.0,
            275.2,
            258.0,
            270.2,
            274.0,
            292.4
        ]
    },
    "white": {
        "x": [
            88.69999999999999,
            157.29999999999995,
            176.39999999999998,
            179.5,
            265.1,
            264.0,
            327.6,
            145.0,
            157.29999999999995,
            272.0,
            274.20000000000005
        ],
        "y": [
            194.0,
            171.2,
            182.0,
            202.0,
            217.0,
            262.0,
            240.0,
            264.9,
            278.0,
            266.0,
            285.0
        ]
    }
}