{
    "white": {
        "x": [
            172.0,
            170.20000000000005,
            221.0,
            210.5,
            198.0,
            247.79999999999995,
            221.0,
            175.0,
            207.0,
            187.0,
            228.60000000000002
        ],
        "y": [
            250.0,
            198.0,
            216.0,
            201.0,
            195.0,
            226.0,
            245.0,
            267.0,
            270.0,
            285.7,
            301.9
        ]
    },
    "black": {
        "x": [
            140.79999999999995,
            139.79999999999995,
            135.0,
            163.0,
            268.0,
            232.0,
            284.0,
            183.0,
            187.0999999999999,
            239.5999999999999,
            199.20000000000005
        ],
        "y": [
            278.0,
            202.7,
            226.0,
            197.0,
            174.0,
            212.0,
            295.0,
            268.0,
            275.2,
            293.4,
            320.6
        ]
    }
}