{
    "black": {
        "x": [
            340.0,
            280.20000000000005,
            325.0,
            293.0,
            229.0,
            275.0,
            198.29999999999995
        ],
        "y": [
            269.0,
            264.0,
            224.0,
            231.0,
            210.0,
            147.0,
            157.60000000000002
        ]
    },
    "white": {
        "x": [
            365.0,
            357.0,
            317.0,
            326.6,
            245.0,
            230.0,
            173.20000000000005
        ],
        "y": [
            153.3,
            214.0,
            157.0,
            199.0,
            263.0,
            194.0,
            243.0
        ]
    }
}