{
    "black": {
        "x": [
            166.9,
            156.8,
            196.10000000000002,
            186.0,
            190.0,
            223.3,
            207.2,
            199.10000000000002,
            230.39999999999998,
            209.0,
            213.2
        ],
        "y": [
            191.0,
            181.9,
            187.0,
            203.0,
            229.3,
            233.3,
            253.0,
            216.2,
            232.2,
            283.8,
            261.5
        ]
    },
    "white": {
        "x": [
            110.30000000000001,
            148.60000000000002,
            136.5,
            188.89999999999998,
            255.0,
            234.39999999999998,
            302.0,
            163.39999999999998,
            148.0,
            249.39999999999998,
            244.0
        ],
        "y": [
            239.0,
            212.0,
            234.60000000000002,
            228.5,
            235.60000000000002,
            249.39999999999998,
            247.3,
            239.7,
            268.8,
            259.1,
            272.9
        ]
    }
}