{
    "black": {
        "x": [
            244.0,
            183.0,
            253.39999999999998,
            204.0,
            157.60000000000002,
            211.0,
            143.0,
            187.89999999999998,
            256.4,
            154.0,
            233.20000000000005
        ],
        "y": [
            253.0,
            183.0,
            175.0,
            173.39999999999998,
            184.39999999999998,
            172.3,
            195.5,
            308.0,
            298.4,
            277.2,
            275.2
        ]
    },
    "white": {
        "x": [
            326.9000000000001,
            303.70000000000005,
            294.5999999999999,
            262.0,
            136.39999999999998,
            122.29999999999995,
            87.0,
            270.5,
            287.5999999999999,
            167.60000000000002,
            103.10000000000002
        ],
        "y": [
            251.2,
            175.60000000000002,
            185.7,
            204.0,
            179.60000000000002,
            198.0,
            199.8,
            280.4,
            278.0,
            279.0,
            277.4
        ]
    }
}