{
    "black": {
        "x": [
            259.1,
            292.9,
            240.29999999999995,
            256.9,
            203.39999999999998,
            173.70000000000005,
            128.89999999999998,
            295.0,
            250.70000000000005,
            221.0,
            173.70000000000005
        ],
        "y": [
            221.5,
            188.89999999999998,
            179.2,
            190.39999999999998,
            237.0,
            226.0,
            251.0,
            269.0,
            242.0,
            294.0,
            282.4
        ]
    },
    "white": {
        "x": [
            311.0,
            251.0,
            249.39999999999998,
            218.0,
            164.39999999999998,
            164.10000000000002,
            127.20000000000005,
            264.0,
            267.1,
            194.10000000000002,
            218.0
        ],
        "y": [
            224.0,
            213.0,
            175.1,
            199.8,
            254.0,
            232.3,
            284.0,
            271.0,
            243.0,
            289.7,
            274.1
        ]
    }
}