{
    "black": {
        "x": [
            172.0,
            228.10000000000002,
            227.0,
            239.0,
            322.0,
            340.0,
            367.5
        ],
        "y": [
            213.60000000000002,
            190.0,
            246.0,
            215.0,
            169.8,
            229.0,
            198.0
        ]
    },
    "white": {
        "x": [
            239.0,
            278.0,
            221.70000000000005,
            256.29999999999995,
            317.6,
            263.0,
            312.79999999999995
        ],
        "y": [
            138.0,
            181.0,
            185.39999999999998,
            191.60000000000002,
            230.0,
            277.0,
            274.0
        ]
    }
}