{
    "black": {
        "x": [
            294.0,
            292.0,
            239.79999999999995,
            272.0,
            313.0,
            226.0,
            263.0
        ],
        "y": [
            111.0,
            159.0,
            153.0,
            172.0,
            257.0,
            250.8,
            305.0
        ]
    },
    "white": {
        "x": [
            314.0,
            283.70000000000005,
            319.0,
            288.0,
            220.0,
            257.0,
            225.0
        ],
        "y": [
            252.0,
            234.0,
            197.0,
            204.0,
            217.0,
            164.0,
            165.0
        ]
    }
}