{
    "black": {
        "x": [
            251.10000000000002,
            208.70000000000005,
            246.0,
            219.0,
            162.39999999999998,
            200.0,
            212.79999999999995,
            181.0,
            217.0,
            150.0,
            236.0
        ],
        "y": [
            175.0,
            177.4,
            196.10000000000002,
            197.0,
            215.2,
            242.0,
            263.0,
            224.3,
            244.39999999999998,
            260.0,
            273.7
        ]
    },
    "white": {
        "x": [
            312.0,
            256.70000000000005,
            245.0,
            233.0,
            150.0,
            153.0,
            101.0,
            230.0,
            259.70000000000005,
            122.0,
            137.0
        ],
        "y": [
            266.8,
            196.0,
            202.2,
            248.0,
            219.0,
            189.0,
            202.3,
            270.0,
            271.8,
            255.7,
            236.0
        ]
    }
}