{
    "black": {
        "x": [
            241.0,
            239.0,
            278.0,
            272.0,
            257.0,
            308.0,
            230.60000000000002
        ],
        "y": [
            274.0,
            247.0,
            272.0,
            239.0,
            183.0,
            156.10000000000002,
            142.0
        ]
    },
    "white": {
        "x": [
            340.0,
            294.0,
            282.0,
            268.0,
            211.0,
            238.0,
            199.0
        ],
        "y": [
            197.0,
            244.0,
            185.0,
            221.0,
            248.0,
            177.0,
            168.0
        ]
    }
}