{
    "white": {
        "x": [
            212.0,
            167.0,
            234.0,
            215.89999999999998,
            155.29999999999995,
            227.0,
            114.0,
            199.79999999999995,
            265.0,
            182.0,
            218.89999999999998
        ],
        "y": [
            158.0,
            192.8,
            186.7,
            195.9,
            244.7,
            256.4,
            284.0,
            256.0,
            253.0,
            310.8,
            312.8
        ]
    },
    "black": {
        "x": [
            312.0,
            301.0,
            274.0,
            267.6,
            202.0,
            154.0,
            114.0,
            287.0,
            255.0,
            194.0,
            147.60000000000002
        ],
        "y": [
            225.0,
            196.0,
            184.0,
            202.0,
            245.0,
            217.5,
            263.2,
            266.9,
            249.0,
            302.4,
            282.2
        ]
    }
}