{
    "white": {
        "x": [
            141.0,
            179.0,
            169.2,
            175.5,
            239.0,
            241.5,
            255.39999999999998,
            204.10000000000002,
            169.2,
            238.39999999999998,
            190.0
        ],
        "y": [
            246.60000000000002,
            191.0,
            191.0,
            197.10000000000002,
            235.0,
            214.0,
            271.8,
            273.0,
            274.8,
            288.9,
            295.0
        ]
    },
    "black": {
        "x": [
            287.70000000000005,
            237.0,
            222.70000000000005,
            217.9000000000001,
            193.0999999999999,
            192.0999999999999,
            114.39999999999998,
            293.9000000000001,
            295.9000000000001,
            210.20000000000005,
            235.4000000000001
        ],
        "y": [
            56.5,
            132.0,
            109.0,
            153.2,
            278.2,
            288.2,
            352.0,
            179.4,
            211.6,
            395.1,
            355.8
        ]
    }
}