{
    "black": {
        "x": [
            272.9,
            216.10000000000002,
            241.39999999999998,
            223.5,
            152.29999999999995,
            194.79999999999995,
            126.29999999999995,
            220.89999999999998,
            229.20000000000005,
            203.5,
            197.20000000000005
        ],
        "y": [
            232.10000000000002,
            203.6,
            202.3,
            211.5,
            201.9,
            233.60000000000002,
            262.0,
            258.8,
            263.8,
            269.1,
            274.4
        ]
    },
    "white": {
        "x": [
            272.29999999999995,
            207.0,
            236.0,
            228.89999999999998,
            160.39999999999998,
            180.5,
            152.60000000000002,
            239.0,
            213.10000000000002,
            188.0,
            194.79999999999995
        ],
        "y": [
            245.5,
            193.5,
            179.5,
            209.5,
            245.7,
            217.3,
            230.0,
            284.8,
            278.8,
            274.4,
            265.6
        ]
    }
}