{
    "black": {
        "x": [
            292.5999999999999,
            251.89999999999998,
            241.89999999999998,
            243.0,
            182.5,
            131.79999999999995,
            110.10000000000002,
            154.0,
            95.0,
            151.0,
            117.60000000000002
        ],
        "y": [
            241.0,
            227.0,
            201.0,
            228.0,
            241.0,
            192.0,
            201.0,
            278.0,
            245.0,
            242.0,
            262.0
        ]
    },
    "white": {
        "x": [
            161.0,
            192.0,
            147.5,
            200.39999999999998,
            237.0,
            243.60000000000002,
            276.0,
            183.0,
            234.0,
            250.0,
            208.0
        ],
        "y": [
            158.4,
            156.0,
            151.8,
            173.0,
            257.2,
            262.0,
            293.0,
            241.2,
            244.0,
            295.0,
            280.6
        ]
    }
}