{
    "black": {
        "x": [
            247.0,
            228.8,
            275.0,
            255.0,
            250.0,
            310.4,
            310.0
        ],
        "y": [
            299.0,
            256.0,
            268.5,
            250.0,
            133.3,
            172.0,
            116.0
        ]
    },
    "white": {
        "x": [
            348.70000000000005,
            317.0,
            343.70000000000005,
            320.0,
            243.0,
            249.0,
            190.0
        ],
        "y": [
            251.0,
            256.0,
            207.0,
            222.0,
            226.0,
            159.0,
            185.0
        ]
    }
}