{
    "black": {
        "x": [
            385.0,
            334.0,
            341.29999999999995,
            326.0,
            240.39999999999998,
            221.0,
            154.0
        ],
        "y": [
            237.0,
            230.0,
            174.0,
            200.0,
            247.0,
            169.0,
            215.0
        ]
    },
    "white": {
        "x": [
            378.70000000000005,
            319.4,
            345.0,
            317.20000000000005,
            229.0,
            261.0,
            160.10000000000002
        ],
        "y": [
            252.5,
            251.4,
            198.0,
            220.0,
            230.0,
            164.3,
            177.0
        ]
    }
}