{
    "black": {
        "x": [
            234.5,
            208.0,
            234.79999999999995,
            222.0999999999999,
            159.60000000000002,
            166.10000000000002,
            170.10000000000002,
            246.0,
            265.4000000000001,
            242.4000000000001,
            244.5
        ],
        "y": [
            167.60000000000002,
            176.7,
            169.60000000000002,
            198.8,
            233.3,
            237.60000000000002,
            294.7,
            217.10000000000002,
            235.0,
            286.1,
            287.3
        ]
    },
    "white": {
        "x": [
            178.39999999999998,
            229.39999999999998,
            208.60000000000002,
            194.5,
            237.79999999999995,
            201.0,
            223.39999999999998,
            221.39999999999998,
            169.10000000000002,
            238.89999999999998,
            199.0
        ],
        "y": [
            151.4,
            187.7,
            194.3,
            218.0,
            264.1,
            258.7,
            322.3,
            226.0,
            240.60000000000002,
            301.8,
            297.5
        ]
    }
}