{
    "black": {
        "x": [
            99.0,
            124.69999999999999,
            138.39999999999998,
            145.3,
            230.5,
            234.0,
            303.0,
            163.89999999999998,
            173.10000000000002,
            262.6,
            262.6
        ],
        "y": [
            262.5,
            204.3,
            219.5,
            222.3,
            192.2,
            226.5,
            205.2,
            272.4,
            271.2,
            264.3,
            259.9
        ]
    },
    "white": {
        "x": [
            300.6,
            267.8,
            232.0,
            234.8,
            209.7,
            123.8,
            126.8,
            249.7,
            229.1,
            221.4,
            181.0
        ],
        "y": [
            213.7,
            172.2,
            165.39999999999998,
            180.60000000000002,
            245.89999999999998,
            222.2,
            313.2,
            265.1,
            252.5,
            303.1,
            289.6
        ]
    }
}