{
    "black": {
        "x": [
            185.2,
            216.3,
            226.3,
            234.39999999999998,
            278.0,
            299.0,
            353.1
        ],
        "y": [
            230.9,
            190.6,
            254.0,
            216.7,
            161.9,
            238.0,
            166.9
        ]
    },
    "white": {
        "x": [
            327.5,
            327.5,
            285.4,
            302.0,
            262.9,
            235.8,
            212.1
        ],
        "y": [
            137.7,
            179.0,
            155.10000000000002,
            174.8,
            255.2,
            224.8,
            278.0
        ]
    }
}