{
    "black": {
        "x": [
            128.0,
            140.0,
            155.60000000000002,
            179.79999999999995,
            244.10000000000002,
            268.0,
            303.0,
            182.5,
            170.0,
            253.0,
            266.0
        ],
        "y": [
            227.3,
            209.5,
            228.39999999999998,
            210.5,
            217.5,
            232.7,
            239.60000000000002,
            228.39999999999998,
            223.5,
            238.5,
            234.8
        ]
    },
    "white": {
        "x": [
            353.5,
            286.9,
            297.4,
            267.79999999999995,
            142.79999999999995,
            154.0,
            54.39999999999998,
            216.0,
            225.60000000000002,
            121.20000000000005,
            124.0
        ],
        "y": [
            257.6,
            208.39999999999998,
            179.0,
            205.8,
            240.39999999999998,
            188.3,
            212.5,
            284.3,
            263.4,
            289.8,
            274.6
        ]
    }
}