{
    "black": {
        "x": [
            191.0,
            228.79999999999995,
            248.0,
            256.0,
            275.0,
            311.0,
            348.0
        ],
        "y": [
            224.0,
            184.0,
            255.0,
            213.0,
            161.0,
            239.0,
            184.0
        ]
    },
    "white": {
        "x": [
            218.0,
            226.60000000000002,
            276.6,
            262.0,
            231.60000000000002,
            320.70000000000005,
            263.0
        ],
        "y": [
            290.0,
            242.0,
            282.0,
            255.0,
            193.0,
            196.0,
            125.0
        ]
    }
}