{
    "black": {
        "x": [
            281.0,
            239.3,
            309.7,
            269.0,
            224.7,
            314.2,
            270.6
        ],
        "y": [
            303.0,
            263.0,
            261.1,
            243.0,
            170.0,
            175.10000000000002,
            112.5
        ]
    },
    "white": {
        "x": [
            199.39999999999998,
            267.0,
            230.70000000000005,
            260.0,
            339.1,
            256.4,
            281.0
        ],
        "y": [
            128.0,
            126.89999999999998,
            178.3,
            155.89999999999998,
            221.0,
            244.2,
            290.0
        ]
    }
}