{
    "black": {
        "x": [
            218.0,
            179.20000000000005,
            249.0,
            215.79999999999995,
            177.5,
            202.20000000000005,
            186.79999999999995,
            166.89999999999998,
            234.20000000000005,
            175.0,
            249.0
        ],
        "y": [
            272.0,
            221.39999999999998,
            214.0,
            231.89999999999998,
            206.10000000000002,
            197.89999999999998,
            194.8,
            268.8,
            278.9,
            272.0,
            275.0
        ]
    },
    "white": {
        "x": [
            253.0,
            254.0,
            269.0,
            231.0999999999999,
            161.4000000000001,
            229.0,
            161.4000000000001,
            192.5999999999999,
            225.5,
            134.0,
            193.4000000000001
        ],
        "y": [
            315.0,
            210.3,
            223.5,
            215.0,
            180.3,
            160.0,
            191.60000000000002,
            288.5,
            274.9,
            252.0,
            244.0
        ]
    }
}