{
    "black": {
        "x": [
            246.5,
            229.0,
            289.0,
            265.0,
            226.0,
            313.0,
            283.0
        ],
        "y": [
            321.0,
            250.89999999999998,
            267.0,
            241.7,
            155.0,
            173.0,
            95.19999999999999
        ]
    },
    "white": {
        "x": [
            204.5,
            224.0,
            272.0,
            256.0,
            279.0,
            309.0,
            334.0
        ],
        "y": [
            265.3,
            199.0,
            236.8,
            210.0,
            151.0,
            224.0,
            179.0
        ]
    }
}