{
    "black": {
        "x": [
            390.0,
            342.70000000000005,
            330.0,
            323.0,
            221.0,
            211.0,
            149.3
        ],
        "y": [
            197.39999999999998,
            236.39999999999998,
            177.89999999999998,
            210.3,
            250.60000000000002,
            166.5,
            199.60000000000002
        ]
    },
    "white": {
        "x": [
            234.10000000000002,
            286.9,
            226.0,
            255.79999999999995,
            313.5,
            235.0,
            275.5
        ],
        "y": [
            137.5,
            173.10000000000002,
            197.7,
            190.0,
            228.10000000000002,
            248.0,
            278.9
        ]
    }
}