{
    "black": {
        "x": [
            316.0,
            275.20000000000005,
            308.0,
            275.29999999999995,
            197.60000000000002,
            179.0,
            117.5,
            269.9000000000001,
            272.0999999999999,
            154.29999999999995,
            161.0
        ],
        "y": [
            237.89999999999998,
            201.0,
            187.2,
            192.0,
            216.7,
            202.39999999999998,
            252.0,
            241.10000000000002,
            231.0,
            271.3,
            251.0
        ]
    },
    "white": {
        "x": [
            244.0,
            254.20000000000005,
            210.0,
            234.0,
            234.5,
            161.70000000000005,
            158.39999999999998,
            272.79999999999995,
            196.79999999999995,
            231.79999999999995,
            160.60000000000002
        ],
        "y": [
            134.0,
            148.5,
            155.0,
            187.9,
            248.1,
            253.8,
            314.0,
            223.2,
            201.8,
            291.0,
            278.3
        ]
    }
}