{
    "white": {
        "x": [
            132.0,
            138.0,
            178.0,
            166.0,
            238.0,
            267.0,
            287.4,
            191.0,
            198.89999999999998,
            241.0,
            259.0
        ],
        "y": [
            272.3,
            199.0,
            212.0,
            194.7,
            213.0,
            219.0,
            216.7,
            274.2,
            282.0,
            262.0,
            265.1
        ]
    },
    "black": {
        "x": [
            256.0,
            267.5,
            229.0,
            230.0,
            213.0,
            153.0,
            158.0,
            246.0,
            216.0,
            227.0,
            170.7
        ],
        "y": [
            176.10000000000002,
            193.0,
            179.0,
            201.3,
            263.8,
            260.0,
            288.0,
            252.0,
            240.0,
            281.8,
            284.0
        ]
    }
}