{
    "black": {
        "x": [
            261.0,
            310.0,
            255.0,
            274.6,
            302.4,
            228.0,
            260.1
        ],
        "y": [
            132.8,
            172.89999999999998,
            184.0,
            192.0,
            225.2,
            246.0,
            284.2
        ]
    },
    "white": {
        "x": [
            216.0,
            232.0,
            288.1,
            264.79999999999995,
            260.0,
            323.79999999999995,
            291.5
        ],
        "y": [
            289.0,
            212.0,
            247.0,
            217.0,
            172.0,
            183.0,
            127.5
        ]
    }
}