{
    "black": {
        "x": [
            294.0,
            319.0,
            251.0,
            277.0,
            304.7,
            220.0,
            241.0
        ],
        "y": [
            135.0,
            211.0,
            199.0,
            209.0,
            258.0,
            238.0,
            280.0
        ]
    },
    "white": {
        "x": [
            180.6,
            216.0,
            245.0,
            241.0,
            301.3,
            323.0,
            358.0
        ],
        "y": [
            255.0,
            192.0,
            247.79999999999995,
            212.0,
            160.0,
            238.60000000000002,
            183.0
        ]
    }
}