{
    "black": {
        "x": [
            57.0,
            124.10000000000002,
            134.0,
            144.0,
            278.79999999999995,
            291.0,
            359.79999999999995,
            144.0,
            157.0,
            274.0,
            298.29999999999995
        ],
        "y": [
            253.2,
            182.7,
            200.0,
            227.10000000000002,
            207.89999999999998,
            221.0,
            239.0,
            266.0,
            282.0,
            263.0,
            281.0
        ]
    },
    "white": {
        "x": [
            313.1,
            239.0,
            273.0,
            221.0,
            156.3,
            126.0,
            116.0,
            259.8,
            249.8,
            207.0,
            204.0
        ],
        "y": [
            224.0,
            154.0,
            158.0,
            199.8,
            230.5,
            255.0,
            309.0,
            254.10000000000002,
            257.1,
            299.2,
            309.0
        ]
    }
}