{
    "black": {
        "x": [
            320.4,
            251.0,
            284.0,
            246.0,
            154.8,
            160.0,
            111.0,
            246.0,
            250.60000000000002,
            146.0,
            176.89999999999998
        ],
        "y": [
            234.0,
            223.0,
            187.9,
            204.0,
            214.10000000000002,
            195.5,
            223.0,
            285.6,
            264.5,
            284.0,
            257.0
        ]
    },
    "white": {
        "x": [
            142.29999999999995,
            198.0,
            140.0,
            176.5999999999999,
            264.20000000000005,
            254.0,
            270.0,
            169.5,
            149.0,
            262.0,
            206.0
        ],
        "y": [
            163.0,
            156.0,
            167.0,
            206.39999999999998,
            266.0,
            246.0,
            313.0,
            258.0,
            270.0,
            300.0,
            309.0
        ]
    }
}