{
    "black": {
        "x": [
            314.29999999999995,
            285.0,
            289.0,
            262.20000000000005,
            112.0,
            135.20000000000005,
            93.0,
            255.10000000000002,
            252.10000000000002,
            110.89999999999998,
            135.20000000000005
        ],
        "y": [
            268.6,
            220.0,
            215.7,
            225.2,
            231.8,
            213.60000000000002,
            220.0,
            282.8,
            270.6,
            287.9,
            267.6
        ]
    },
    "white": {
        "x": [
            291.9,
            287.29999999999995,
            243.0,
            256.0,
            158.79999999999995,
            150.39999999999998,
            117.29999999999995,
            260.0,
            227.60000000000002,
            171.0,
            167.89999999999998
        ],
        "y": [
            204.3,
            183.2,
            171.0,
            184.0,
            271.6,
            234.0,
            302.1,
            248.0,
            234.0,
            289.5,
            304.7
        ]
    }
}